Call_ID,WrapUpName,TimeStamp,AgentFirstName,HangUpOrder,TalkTime
0x2BFD23E2AFB30083,V.Test Call,2/6/2022 9:01,CE101619856,1,15
0x2BFD23E2AFB50083,E. Reminder Call -Service Or Complaint,2/6/2022 9:03,CE011929747,2,182
0x2BFD23E2AFBF0083,C. Service Request Call - Customer,2/6/2022 9:07,CE0821939593,3,329
0x2BFD23E2AFC30083,C. Service Request Call - Customer,2/6/2022 9:05,CE0821939700,4,261
0x2BFD23E2AFC60083,C. Service Request Call - Customer,2/6/2022 9:04,CE0921939837,5,161
0x2BFD23E2AFCC0083,(auto),2/6/2022 9:07,CE1021940329,6,283
0x2BFD23E2AFD10083,E. Reminder Call -Service Or Complaint,2/6/2022 9:06,CE1021940769,7,237
0x2BFD23E2AFD30083,E. Reminder Call -Service Or Complaint,2/6/2022 9:04,CE1021940881,8,174
0x2BFD23E2AFD50083,H.Call Transferred - Sales,2/6/2022 9:04,CE1121941094,9,397
0x2BFD23E2AFD70083,A. Fresh Installation Call - Customer,2/6/2022 9:13,CE1121941505,10,673
0x2BFD23E2AFDB0083,C. Service Request Call - Customer,2/6/2022 9:05,CE0322943949,11,201
0x2BFD23E2AFDE0083,C. Service Request Call - Customer,2/6/2022 9:05,CE0422944328,12,160
0x2BFD23E2AFEE0083,A. Fresh Installation Call - Customer,2/6/2022 9:16,CE0622945428,13,755
0x2BFD23E2B00B0083,E. Reminder Call -Service Or Complaint,2/6/2022 9:07,CE0822947172,14,203
0x2BFD23E2B0130083,A. Fresh Installation Call - Customer,2/6/2022 9:11,CE0922947529,15,425
0x2BFD23E2B01A0083,U.Enquiry Call,2/6/2022 9:06,CE101619856,16,150
0x2BFD23E2B01F0083,H.Call Transferred - Sales,2/6/2022 9:05,CE011929747,17,307
0x2BFD23E2B0220083,A. Fresh Installation Call - Customer,2/6/2022 9:08,CE0821939593,18,294
0x2BFD23E2B0280083,M.Re-Installtion or De-Installation,2/6/2022 9:08,CE0821939700,19,237
0x2BFD23E2B02A0083,K. Call Transferred - Escalation,2/6/2022 9:11,CE0921939837,20,457
0x2BFD23E2B02E0083,C. Service Request Call - Customer,2/6/2022 9:09,CE1021940329,21,310
0x2BFD23E2B0330083,C. Service Request Call - Customer,2/6/2022 9:08,CE1021940769,22,203
0x2BFD23E2B0390083,C. Service Request Call - Customer,2/6/2022 9:07,CE1021940881,23,166
0x2BFD23E2B03B0083,WhatsApp Diverted,2/6/2022 9:07,CE1121941094,24,138
0x2BFD23E2B03F0083,C. Service Request Call - Customer,2/6/2022 9:07,CE1121941505,25,196
0x2BFD23E2B0540083,WhatsApp Diverted,2/6/2022 9:07,CE0322943949,26,110
0x2BFD23E2B05C0083,C. Service Request Call - Customer,2/6/2022 9:08,CE0422944328,27,165
0x2BFD23E2B08E0083,C. Service Request Call - Customer,2/6/2022 9:08,CE0622945428,28,144
0x2BFD23E2B0940083,C. Service Request Call - Customer,2/6/2022 9:10,CE0822947172,29,256
0x2BFD23E2B09C0083,(auto),2/6/2022 9:06,CE0922947529,30,26
0x2BFD23E2B0A10083,C. Service Request Call - Customer,2/6/2022 9:10,CE101619856,31,242
0x2BFD23E2B0AD0083,C. Service Request Call - Customer,2/6/2022 9:10,CE011929747,32,164
0x2BFD23E2B0AF0083,C. Service Request Call - Customer,2/6/2022 9:11,CE0821939593,33,247
0x2BFD23E2B0B10083,C. Service Request Call - Customer,2/6/2022 9:09,CE0821939700,34,133
0x2BFD23E2B0B30083,E. Reminder Call -Service Or Complaint,2/6/2022 9:11,CE0921939837,35,253
0x2BFD23E2B0B50083,WhatsApp Diverted,2/6/2022 9:08,CE1021940329,36,111
0x2BFD23E2B0C40083,A. Fresh Installation Call - Customer,2/6/2022 9:14,CE1021940769,37,428
0x2BFD23E2B0D30083,F.Reminder Call - Installation,2/6/2022 9:10,CE1021940881,38,165
0x2BFD23E2B0D50083,R.Blank Call,2/6/2022 9:08,CE1121941094,39,36
0x2BFD23E2B0D70083,E. Reminder Call -Service Or Complaint,2/6/2022 9:11,CE1121941505,40,184
0x2BFD23E2B0E40083,AgentToAgent,2/6/2022 9:14,CE0322943949,41,901
0x2BFD23E2B0F00083,A. Fresh Installation Call - Customer,2/6/2022 9:16,CE0422944328,42,498
0x2BFD23E2B0F20083,C. Service Request Call - Customer,2/6/2022 9:10,CE0622945428,43,137
0x2BFD23E2B0FF0083,WhatsApp Diverted,2/6/2022 9:10,CE0822947172,44,117
0x2BFD23E2B1070083,C. Service Request Call - Customer,2/6/2022 9:13,CE0922947529,45,297
0x2BFD23E2B10C0083,NotExistingObject,2/6/2022 9:08,CE101619856,46,0
0x2BFD23E2B10E0083,R.Blank Call,2/6/2022 9:09,CE011929747,47,24
0x2BFD23E2B11C0083,A. Fresh Installation Call - Customer,2/6/2022 9:22,CE0821939593,48,503
0x2BFD23E2B12A0083,WhatsApp Diverted,2/6/2022 9:10,CE0821939700,49,62
0x2BFD23E2B12E0083,C. Service Request Call - Customer,2/6/2022 9:15,CE0921939837,50,345
0x2BFD23E2B1360083,R.Blank Call,2/6/2022 9:10,CE1021940329,51,34
0x2BFD23E2B1380083,U.Enquiry Call,2/6/2022 9:11,CE1021940769,52,140
0x2BFD23E2B13C0083,C. Service Request Call - Customer,2/6/2022 9:15,CE1021940881,53,353
0x2BFD23E2B15C0083,WhatsApp Diverted,2/6/2022 9:11,CE1121941094,54,89
0x2BFD23E2B1660083,R.Blank Call,2/6/2022 9:10,CE1121941505,55,11
0x2BFD23E2B16B0083,WhatsApp Diverted,2/6/2022 9:11,CE0322943949,56,75
0x2BFD23E2B16F0083,C. Service Request Call - Customer,2/6/2022 9:13,CE0422944328,57,198
0x2BFD23E2B1740083,C. Service Request Call - Customer,2/6/2022 9:15,CE0622945428,58,290
0x2BFD23E2B1760083,C. Service Request Call - Customer,2/6/2022 9:12,CE0822947172,59,162
0x2BFD23E2B17A0083,R.Blank Call,2/6/2022 9:11,CE0922947529,60,36
0x2BFD23E2B17E0083,C. Service Request Call - Customer,2/6/2022 9:14,CE101619856,61,253
0x2BFD23E2B1870083,AgentToAgent,2/6/2022 9:10,CE011929747,62,0
0x2BFD23E2B1940083,R.Blank Call,2/6/2022 9:11,CE0821939593,63,46
0x2BFD23E2B1C00083,WhatsApp Diverted,2/6/2022 9:12,CE0821939700,64,57
0x2BFD23E2B1D50083,R.Blank Call,2/6/2022 9:13,CE0921939837,65,68
0x2BFD23E2B1E20083,AgentToAgent,2/6/2022 9:10,CE1021940329,66,0
0x2BFD23E2B1EC0083,AgentToAgent,2/6/2022 9:11,CE1021940769,67,39
0x2BFD23E2B1F20083,C. Service Request Call - Customer,2/6/2022 9:14,CE1021940881,68,135
0x2BFD23E2B1F70083,C. Service Request Call - Customer,2/6/2022 9:14,CE1121941094,69,177
0x2BFD23E2B1F90083,U.Enquiry Call,2/6/2022 9:12,CE1121941505,70,66
0x2BFD23E2B20C0083,C. Service Request Call - Customer,2/6/2022 9:15,CE0322943949,71,182
0x2BFD23E2B20F0083,H.Call Transferred - Sales,2/6/2022 9:15,CE0422944328,72,418
0x2BFD23E2B2140083,A. Fresh Installation Call - Customer,2/6/2022 9:18,CE0622945428,73,324
0x2BFD23E2B2180083,A. Fresh Installation Call - Customer,2/6/2022 9:21,CE0822947172,74,414
0x2BFD23E2B21A0083,C. Service Request Call - Customer,2/6/2022 9:15,CE0922947529,75,221
0x2BFD23E2B21E0083,C. Service Request Call - Customer,2/6/2022 9:14,CE101619856,76,136
0x2BFD23E2B2200083,C. Service Request Call - Customer,2/6/2022 9:16,CE011929747,77,207
0x2BFD23E2B22A0083,C. Service Request Call - Customer,2/6/2022 9:16,CE0821939593,78,217
0x2BFD23E2B22E0083,C. Service Request Call - Customer,2/6/2022 9:15,CE0821939700,79,165
0x2BFD23E2B2330083,WhatsApp Diverted,2/6/2022 9:15,CE0921939837,80,103
0x2BFD23E2B2410083,C. Service Request Call - Customer,2/6/2022 9:18,CE1021940329,81,260
0x2BFD23E2B2430083,C. Service Request Call - Customer,2/6/2022 9:16,CE1021940769,82,161
0x2BFD23E2B2690083,AgentToAgent,2/6/2022 9:14,CE1021940881,83,74
0x2BFD23E2B2760083,C. Service Request Call - Customer,2/6/2022 9:16,CE1121941094,84,116
0x2BFD23E2B27A0083,WhatsApp Diverted,2/6/2022 9:16,CE1121941505,85,92
0x2BFD23E2B27E0083,C. Service Request Call - Customer,2/6/2022 9:17,CE0322943949,86,159
0x2BFD23E2B28D0083,C. Service Request Call - Customer,2/6/2022 9:18,CE0422944328,87,198
0x2BFD23E2B2920083,C. Service Request Call - Customer,2/6/2022 9:18,CE0622945428,88,193
0x2BFD23E2B29E0083,C. Service Request Call - Customer,2/6/2022 9:19,CE0822947172,89,238
0x2BFD23E2B2A00083,C. Service Request Call - Customer,2/6/2022 9:24,CE0922947529,90,520
0x2BFD23E2B2A30083,E. Reminder Call -Service Or Complaint,2/6/2022 9:18,CE101619856,91,125
0x2BFD23E2B2A70083,U.Enquiry Call,2/6/2022 9:15,CE011929747,92,54
0x2BFD23E2B2BC0083,M.Re-Installtion or De-Installation,2/6/2022 9:19,CE0821939593,93,243
0x2BFD23E2B2C60083,C. Service Request Call - Customer,2/6/2022 9:19,CE0821939700,94,236
0x2BFD23E2B2D60083,WhatsApp Diverted,2/6/2022 9:17,CE0921939837,95,70
0x2BFD23E2B2D80083,U.Enquiry Call,2/6/2022 9:19,CE1021940329,96,171
0x2BFD23E2B2DB0083,C. Service Request Call - Customer,2/6/2022 9:19,CE1021940769,97,210
0x2BFD23E2B2E10083,C. Service Request Call - Customer,2/6/2022 9:21,CE1021940881,98,309
0x2BFD23E2B2EC0083,C. Service Request Call - Customer,2/6/2022 9:21,CE1121941094,99,335
0x2BFD23E2B2F10083,WhatsApp Diverted,2/6/2022 9:21,CE1121941505,100,285
0x2BFD23E2B2F50083,C. Service Request Call - Customer,2/6/2022 9:18,CE0322943949,101,135
0x2BFD23E2B2FE0083,A. Fresh Installation Call - Customer,2/6/2022 9:23,CE0422944328,102,400
0x2BFD23E2B3060083,C. Service Request Call - Customer,2/6/2022 9:19,CE0622945428,103,181
0x2BFD23E2B3090083,C. Service Request Call - Customer,2/6/2022 9:19,CE0822947172,104,153
0x2BFD23E2B31A0083,M.Re-Installtion or De-Installation,2/6/2022 9:23,CE0922947529,105,412
0x2BFD23E2B31C0083,C. Service Request Call - Customer,2/6/2022 9:20,CE101619856,106,231
0x2BFD23E2B3260083,A. Fresh Installation Call - Customer,2/6/2022 9:26,CE011929747,107,535
0x2BFD23E2B32F0083,Other than Kent,2/6/2022 9:17,CE0821939593,108,54
0x2BFD23E2B3430083,C. Service Request Call - Customer,2/6/2022 9:20,CE0821939700,109,201
0x2BFD23E2B3450083,C. Service Request Call - Customer,2/6/2022 9:19,CE0921939837,110,163
0x2BFD23E2B34D0083,E. Reminder Call -Service Or Complaint,2/6/2022 9:21,CE1021940329,111,243
0x2BFD23E2B3520083,C. Service Request Call - Customer,2/6/2022 9:19,CE1021940769,112,166
0x2BFD23E2B3570083,C. Service Request Call - Customer,2/6/2022 9:20,CE1021940881,113,194
0x2BFD23E2B3650083,C. Service Request Call - Customer,2/6/2022 9:20,CE1121941094,114,213
0x2BFD23E2B3710083,E. Reminder Call -Service Or Complaint,2/6/2022 9:20,CE1121941505,115,134
0x2BFD23E2B3A30083,WhatsApp Diverted,2/6/2022 9:20,CE0322943949,116,89
0x2BFD23E2B3A80083,C. Service Request Call - Customer,2/6/2022 9:20,CE0422944328,117,138
0x2BFD23E2B3BD0083,U.Enquiry Call,2/6/2022 9:23,CE0622945428,118,306
0x2BFD23E2B3C00083,C. Service Request Call - Customer,2/6/2022 9:22,CE0822947172,119,170
0x2BFD23E2B3C30083,G.Repeat Complaint Within 15 Days,2/6/2022 9:25,CE0922947529,120,308
0x2BFD23E2B3C50083,U.Enquiry Call,2/6/2022 9:20,CE101619856,121,81
0x2BFD23E2B3D20083,C. Service Request Call - Customer,2/6/2022 9:23,CE011929747,122,278
0x2BFD23E2B3E20083,C. Service Request Call - Customer,2/6/2022 9:24,CE0821939593,123,251
0x2BFD23E2B3E70083,U.Enquiry Call,2/6/2022 9:21,CE0821939700,124,75
0x2BFD23E2B3EA0083,C. Service Request Call - Customer,2/6/2022 9:25,CE0921939837,125,315
0x2BFD23E2B3EC0083,M.Re-Installtion or De-Installation,2/6/2022 9:24,CE1021940329,126,235
0x2BFD23E2B3FE0083,U.Enquiry Call,2/6/2022 9:20,CE1021940769,127,28
0x2BFD23E2B40B0083,C. Service Request Call - Customer,2/6/2022 9:24,CE1021940881,128,226
0x2BFD23E2B4170083,C. Service Request Call - Customer,2/6/2022 9:23,CE1121941094,129,187
0x2BFD23E2B41A0083,E. Reminder Call -Service Or Complaint,2/6/2022 9:25,CE1121941505,130,236
0x2BFD23E2B42D0083,C. Service Request Call - Customer,2/6/2022 9:26,CE0322943949,131,345
0x2BFD23E2B4300083,M.Re-Installtion or De-Installation,2/6/2022 9:26,CE0422944328,132,292
0x2BFD23E2B4330083,C. Service Request Call - Customer,2/6/2022 9:28,CE0622945428,133,406
0x2BFD23E2B4360083,A. Fresh Installation Call - Customer,2/6/2022 9:25,CE0822947172,134,256
0x2BFD23E2B4400083,C. Service Request Call - Customer,2/6/2022 9:23,CE0922947529,135,133
0x2BFD23E2B4470083,C. Service Request Call - Customer,2/6/2022 9:24,CE101619856,136,192
0x2BFD23E2B4490083,C. Service Request Call - Customer,2/6/2022 9:24,CE011929747,137,156
0x2BFD23E2B4550083,Other than Kent,2/6/2022 9:29,CE0821939593,138,454
0x2BFD23E2B4570083,C. Service Request Call - Customer,2/6/2022 9:27,CE0821939700,139,369
0x2BFD23E2B45F0083,WhatsApp Diverted,2/6/2022 9:23,CE0921939837,140,119
0x2BFD23E2B4610083,E. Reminder Call -Service Or Complaint,2/6/2022 9:26,CE1021940329,141,195
0x2BFD23E2B4640083,G.Repeat Complaint Within 15 Days,2/6/2022 9:24,CE1021940769,142,180
0x2BFD23E2B48F0083,C. Service Request Call - Customer,2/6/2022 9:26,CE1021940881,143,225
0x2BFD23E2B4AE0083,C. Service Request Call - Customer,2/6/2022 9:28,CE1121941094,144,324
0x2BFD23E2B4B20083,C. Service Request Call - Customer,2/6/2022 9:31,CE1121941505,145,535
0x2BFD23E2B4B70083,C. Service Request Call - Customer,2/6/2022 9:26,CE0322943949,146,220
0x2BFD23E2B4C10083,C. Service Request Call - Customer,2/6/2022 9:24,CE0422944328,147,97
0x2BFD23E2B4C50083,C. Service Request Call - Customer,2/6/2022 9:26,CE0622945428,148,217
0x2BFD23E2B4C70083,C. Service Request Call - Customer,2/6/2022 9:25,CE0822947172,149,135
0x2BFD23E2B4CF0083,C. Service Request Call - Customer,2/6/2022 9:26,CE0922947529,150,187
0x2BFD23E2B4D20083,C. Service Request Call - Customer,2/6/2022 9:27,CE101619856,151,217
0x2BFD23E2B4D90083,WhatsApp Diverted,2/6/2022 9:27,CE011929747,152,223
0x2BFD23E2B4E50083,C. Service Request Call - Customer,2/6/2022 9:27,CE0821939593,153,247
0x2BFD23E2B4F20083,U.Enquiry Call,2/6/2022 9:26,CE0821939700,154,176
0x2BFD23E2B5030083,E. Reminder Call -Service Or Complaint,2/6/2022 9:26,CE0921939837,155,116
0x2BFD23E2B50B0083,R.Blank Call,2/6/2022 9:26,CE1021940329,156,76
0x2BFD23E2B50D0083,C. Service Request Call - Customer,2/6/2022 9:27,CE1021940769,157,149
0x2BFD23E2B5160083,C. Service Request Call - Customer,2/6/2022 9:27,CE1021940881,158,208
0x2BFD23E2B5360083,C. Service Request Call - Customer,2/6/2022 9:28,CE1121941094,159,212
0x2BFD23E2B5480083,E. Reminder Call -Service Or Complaint,2/6/2022 9:26,CE1121941505,160,125
0x2BFD23E2B54E0083,C. Service Request Call - Customer,2/6/2022 9:31,CE0322943949,161,404
0x2BFD23E2B56B0083,U.Enquiry Call,2/6/2022 9:26,CE0422944328,162,83
0x2BFD23E2B5760083,C. Service Request Call - Customer,2/6/2022 9:28,CE0622945428,163,173
0x2BFD23E2B5780083,C. Service Request Call - Customer,2/6/2022 9:28,CE0822947172,164,144
0x2BFD23E2B57C0083,C. Service Request Call - Customer,2/6/2022 9:28,CE0922947529,165,201
0x2BFD23E2B5840083,K. Call Transferred - Escalation,2/6/2022 9:30,CE101619856,166,503
0x2BFD23E2B5A00083,C. Service Request Call - Customer,2/6/2022 9:28,CE011929747,167,158
0x2BFD23E2B5A50083,Call Disconnected By Customer,2/6/2022 9:26,CE0821939593,168,19
0x2BFD23E2B5A70083,C. Service Request Call - Customer,2/6/2022 9:31,CE0821939700,169,285
0x2BFD23E2B5B30083,U.Enquiry Call,2/6/2022 9:34,CE0921939837,170,450
0x2BFD23E2B5B50083,C. Service Request Call - Customer,2/6/2022 9:32,CE1021940329,171,358
0x2BFD23E2B5C00083,G.Repeat Complaint Within 15 Days,2/6/2022 9:31,CE1021940769,172,266
0x2BFD23E2B5C20083,C. Service Request Call - Customer,2/6/2022 9:29,CE1021940881,173,170
0x2BFD23E2B5C50083,R.Blank Call,2/6/2022 9:27,CE1121941094,174,47
0x2BFD23E2B5C70083,C. Service Request Call - Customer,2/6/2022 9:29,CE1121941505,175,156
0x2BFD23E2B5DE0083,U.Enquiry Call,2/6/2022 9:33,CE0322943949,176,391
0x2BFD23E2B5F10083,C. Service Request Call - Customer,2/6/2022 9:32,CE0422944328,177,312
0x2BFD23E2B5FA0083,C. Service Request Call - Customer,2/6/2022 9:31,CE0622945428,178,180
0x2BFD23E2B61B0083,N. AMC Request - Renewal,2/6/2022 9:33,CE0822947172,179,291
0x2BFD23E2B61D0083,C. Service Request Call - Customer,2/6/2022 9:34,CE0922947529,180,343
0x2BFD23E2B61F0083,C. Service Request Call - Customer,2/6/2022 9:32,CE101619856,181,269
0x2BFD23E2B6210083,C. Service Request Call - Customer,2/6/2022 9:32,CE011929747,182,203
0x2BFD23E2B62B0083,U.Enquiry Call,2/6/2022 9:29,CE0821939593,183,114
0x2BFD23E2B6370083,C. Service Request Call - Customer,2/6/2022 9:32,CE0821939700,184,236
0x2BFD23E2B63D0083,G.Repeat Complaint Within 15 Days,2/6/2022 9:31,CE0921939837,185,198
0x2BFD23E2B64B0083,K. Call Transferred - Escalation,2/6/2022 9:33,CE1021940329,186,444
0x2BFD23E2B64D0083,WhatsApp Diverted,2/6/2022 9:30,CE1021940769,187,75
0x2BFD23E2B6510083,C. Service Request Call - Customer,2/6/2022 9:37,CE1021940881,188,451
0x2BFD23E2B6590083,C. Service Request Call - Customer,2/6/2022 9:37,CE1121941094,189,451
0x2BFD23E2B6630083,C. Service Request Call - Customer,2/6/2022 9:32,CE1121941505,190,190
0x2BFD23E2B6690083,E. Reminder Call -Service Or Complaint,2/6/2022 9:41,CE0322943949,191,522
0x2BFD23E2B67D0083,E. Reminder Call -Service Or Complaint,2/6/2022 9:36,CE0422944328,192,396
0x2BFD23E2B67F0083,C. Service Request Call - Customer,2/6/2022 9:33,CE0622945428,193,251
0x2BFD23E2B6810083,C. Service Request Call - Customer,2/6/2022 9:37,CE0822947172,194,457
0x2BFD23E2B68D0083,C. Service Request Call - Customer,2/6/2022 9:34,CE0922947529,195,250
0x2BFD23E2B68F0083,C. Service Request Call - Customer,2/6/2022 9:31,CE101619856,196,109
0x2BFD23E2B6970083,C. Service Request Call - Customer,2/6/2022 9:32,CE011929747,197,141
0x2BFD23E2B6990083,C. Service Request Call - Customer,2/6/2022 9:33,CE0821939593,198,183
0x2BFD23E2B69D0083,C. Service Request Call - Customer,2/6/2022 9:35,CE0821939700,199,304
0x2BFD23E2B6A10083,C. Service Request Call - Customer,2/6/2022 9:34,CE0921939837,200,267
0x2BFD23E2B6A40083,C. Service Request Call - Customer,2/6/2022 9:35,CE1021940329,201,263
0x2BFD23E2B6A70083,Ringing No Answering,2/6/2022 9:30,CE1021940769,202,0
0x2BFD23E2B6BE0083,AgentToAgent,2/6/2022 9:30,CE1021940881,203,24
0x2BFD23E2B6C00083,R.Blank Call,2/6/2022 9:31,CE1121941094,204,3
0x2BFD23E2B6C60083,U.Enquiry Call,2/6/2022 9:31,CE1121941505,205,76
0x2BFD23E2B6D60083,Ringing No Answering,2/6/2022 9:31,CE0322943949,206,0
0x2BFD23E2B6DB0083,C. Service Request Call - Customer,2/6/2022 9:34,CE0422944328,207,210
0x2BFD23E2B6E80083,C. Service Request Call - Customer,2/6/2022 9:35,CE0622945428,208,238
0x2BFD23E2B6ED0083,C. Service Request Call - Customer,2/6/2022 9:34,CE0822947172,209,167
0x2BFD23E2B6F10083,C. Service Request Call - Customer,2/6/2022 9:34,CE0922947529,210,157
0x2BFD23E2B6F30083,M.Re-Installtion or De-Installation,2/6/2022 9:37,CE101619856,211,326
0x2BFD23E2B7210083,R.Blank Call,2/6/2022 9:33,CE011929747,212,12
0x2BFD23E2B7240083,C. Service Request Call - Customer,2/6/2022 9:34,CE0821939593,213,113
0x2BFD23E2B73A0083,WhatsApp Diverted,2/6/2022 9:34,CE0821939700,214,115
0x2BFD23E2B73F0083,E. Reminder Call -Service Or Complaint,2/6/2022 9:37,CE0921939837,215,226
0x2BFD23E2B7410083,C. Service Request Call - Customer,2/6/2022 9:37,CE1021940329,216,286
0x2BFD23E2B74A0083,WhatsApp Diverted,2/6/2022 9:35,CE1021940769,217,131
0x2BFD23E2B74C0083,M.Re-Installtion or De-Installation,2/6/2022 9:39,CE1021940881,218,353
0x2BFD23E2B7540083,C. Service Request Call - Customer,2/6/2022 9:38,CE1121941094,219,303
0x2BFD23E2B7690083,AgentToAgent,2/6/2022 9:33,CE1121941505,220,42
0x2BFD23E2B76F0083,WhatsApp Diverted,2/6/2022 9:38,CE0322943949,221,246
0x2BFD23E2B77B0083,C. Service Request Call - Customer,2/6/2022 9:39,CE0422944328,222,340
0x2BFD23E2B7880083,C. Service Request Call - Customer,2/6/2022 9:40,CE0622945428,223,282
0x2BFD23E2B7900083,A. Fresh Installation Call - Customer,2/6/2022 9:40,CE0822947172,224,375
0x2BFD23E2B79C0083,C. Service Request Call - Customer,2/6/2022 9:40,CE0922947529,225,327
0x2BFD23E2B7AF0083,WhatsApp Diverted,2/6/2022 9:38,CE101619856,226,187
0x2BFD23E2B7BA0083,U.Enquiry Call,2/6/2022 9:35,CE011929747,227,63
0x2BFD23E2B7C70083,A. Fresh Installation Call - Customer,2/6/2022 9:41,CE0821939593,228,395
0x2BFD23E2B7C90083,C. Service Request Call - Customer,2/6/2022 9:38,CE0821939700,229,186
0x2BFD23E2B7E20083,WhatsApp Diverted,2/6/2022 9:37,CE0921939837,230,127
0x2BFD23E2B7EC0083,C. Service Request Call - Customer,2/6/2022 9:39,CE1021940329,231,238
0x2BFD23E2B7EE0083,C. Service Request Call - Customer,2/6/2022 9:38,CE1021940769,232,165
0x2BFD23E2B7F10083,U.Enquiry Call,2/6/2022 9:35,CE1021940881,233,30
0x2BFD23E2B7F50083,C. Service Request Call - Customer,2/6/2022 9:39,CE1121941094,234,183
0x2BFD23E2B7FD0083,AgentToAgent,2/6/2022 9:35,CE1121941505,235,0
0x2BFD23E2B80E0083,G.Repeat Complaint Within 15 Days,2/6/2022 9:39,CE0322943949,236,208
0x2BFD23E2B81C0083,C. Service Request Call - Customer,2/6/2022 9:42,CE0422944328,237,341
0x2BFD23E2B8210083,R.Blank Call,2/6/2022 9:37,CE0622945428,238,33
0x2BFD23E2B8270083,AgentToAgent,2/6/2022 9:36,CE0822947172,239,0
0x2BFD23E2B82A0083,R.Blank Call,2/6/2022 9:37,CE0922947529,240,17
0x2BFD23E2B8300083,C. Service Request Call - Customer,2/6/2022 9:40,CE101619856,241,197
0x2BFD23E2B83A0083,C. Service Request Call - Customer,2/6/2022 9:40,CE011929747,242,197
0x2BFD23E2B8410083,G.Repeat Complaint Within 15 Days,2/6/2022 9:39,CE0821939593,243,128
0x2BFD23E2B84B0083,C. Service Request Call - Customer,2/6/2022 9:40,CE0821939700,244,186
0x2BFD23E2B84E0083,U.Enquiry Call,2/6/2022 9:39,CE0921939837,245,140
0x2BFD23E2B8590083,AgentToAgent,2/6/2022 9:37,CE1021940329,246,1
0x2BFD23E2B85C0083,E. Reminder Call -Service Or Complaint,2/6/2022 9:40,CE1021940769,247,149
0x2BFD23E2B86C0083,C. Service Request Call - Customer,2/6/2022 9:41,CE1021940881,248,198
0x2BFD23E2B86E0083,R.Blank Call,2/6/2022 9:38,CE1121941094,249,31
0x2BFD23E2B87B0083,U.Enquiry Call,2/6/2022 9:44,CE1121941505,250,389
0x2BFD23E2B87D0083,C. Service Request Call - Customer,2/6/2022 9:41,CE0322943949,251,190
0x2BFD23E2B87F0083,C. Service Request Call - Customer,2/6/2022 9:40,CE0422944328,252,148
0x2BFD23E2B8920083,C. Service Request Call - Customer,2/6/2022 9:43,CE0622945428,253,267
0x2BFD23E2B89C0083,C. Service Request Call - Customer,2/6/2022 9:42,CE0822947172,254,213
0x2BFD23E2B8A00083,U.Enquiry Call,2/6/2022 9:39,CE0922947529,255,62
0x2BFD23E2B8AF0083,C. Service Request Call - Customer,2/6/2022 9:43,CE101619856,256,237
0x2BFD23E2B8B50083,C. Service Request Call - Customer,2/6/2022 9:42,CE011929747,257,160
0x2BFD23E2B8CA0083,C. Service Request Call - Customer,2/6/2022 9:42,CE0821939593,258,194
0x2BFD23E2B8CB0083,K. Call Transferred - Escalation,2/6/2022 9:43,CE0821939700,259,355
0x2BFD23E2B8CE0083,C. Service Request Call - Customer,2/6/2022 9:46,CE0921939837,260,397
0x2BFD23E2B8D60083,R.Blank Call,2/6/2022 9:40,CE1021940329,261,27
0x2BFD23E2B8DE0083,E. Reminder Call -Service Or Complaint,2/6/2022 9:46,CE1021940769,262,386
0x2BFD23E2B8E40083,C. Service Request Call - Customer,2/6/2022 9:43,CE1021940881,263,201
0x2BFD23E2B9030083,G.Repeat Complaint Within 15 Days,2/6/2022 9:44,CE1121941094,264,230
0x2BFD23E2B9070083,C. Service Request Call - Customer,2/6/2022 9:42,CE1121941505,265,130
0x2BFD23E2B90C0083,R.Blank Call,2/6/2022 9:40,CE0322943949,266,2
0x2BFD23E2B9170083,C. Service Request Call - Customer,2/6/2022 9:45,CE0422944328,267,327
0x2BFD23E2B9250083,AgentToAgent,2/6/2022 9:40,CE0622945428,268,0
0x2BFD23E2B9340083,WhatsApp Diverted,2/6/2022 9:43,CE0822947172,269,120
0x2BFD23E2B9360083,G.Repeat Complaint Within 15 Days,2/6/2022 9:44,CE0922947529,270,213
0x2BFD23E2B9380083,WhatsApp Diverted,2/6/2022 9:44,CE101619856,271,208
0x2BFD23E2B9410083,R.Blank Call,2/6/2022 9:41,CE011929747,272,17
0x2BFD23E2B9420083,C. Service Request Call - Customer,2/6/2022 9:49,CE0821939593,273,447
0x2BFD23E2B9500083,C. Service Request Call - Customer,2/6/2022 9:43,CE0821939700,274,155
0x2BFD23E2B9560083,C. Service Request Call - Customer,2/6/2022 9:43,CE0921939837,275,131
0x2BFD23E2B9590083,U.Enquiry Call,2/6/2022 9:41,CE1021940329,276,23
0x2BFD23E2B95C0083,C. Service Request Call - Customer,2/6/2022 9:43,CE1021940769,277,110
0x2BFD23E2B9720083,C. Service Request Call - Customer,2/6/2022 9:45,CE1021940881,278,236
0x2BFD23E2B9740083,C. Service Request Call - Customer,2/6/2022 9:46,CE1121941094,279,296
0x2BFD23E2B9940083,G.Repeat Complaint Within 15 Days,2/6/2022 9:47,CE1121941505,280,348
0x2BFD23E2B99F0083,R.Blank Call,2/6/2022 9:42,CE0322943949,281,35
0x2BFD23E2B9A30083,G.Repeat Complaint Within 15 Days,2/6/2022 9:45,CE0422944328,282,216
0x2BFD23E2B9AD0083,U.Enquiry Call,2/6/2022 9:42,CE0622945428,283,61
0x2BFD23E2B9B20083,WhatsApp Diverted,2/6/2022 9:44,CE0822947172,284,93
0x2BFD23E2B9BC0083,E. Reminder Call -Service Or Complaint,2/6/2022 9:45,CE0922947529,285,123
0x2BFD23E2B9C40083,K. Call Transferred - Escalation,2/6/2022 9:58,CE101619856,286,1536
0x2BFD23E2B9CD0083,U.Enquiry Call,2/6/2022 9:42,CE011929747,287,35
0x2BFD23E2B9D70083,C. Service Request Call - Customer,2/6/2022 9:45,CE0821939593,288,197
0x2BFD23E2B9DD0083,C. Service Request Call - Customer,2/6/2022 9:48,CE0821939700,289,286
0x2BFD23E2B9E70083,U.Enquiry Call,2/6/2022 9:44,CE0921939837,290,98
0x2BFD23E2B9E90083,WhatsApp Diverted,2/6/2022 9:44,CE1021940329,291,93
0x2BFD23E2B9F20083,C. Service Request Call - Customer,2/6/2022 9:46,CE1021940769,292,204
0x2BFD23E2B9F50083,E. Reminder Call -Service Or Complaint,2/6/2022 9:49,CE1021940881,293,354
0x2BFD23E2BA110083,AgentToAgent,2/6/2022 9:43,CE1121941094,294,61
0x2BFD23E2BA140083,C. Service Request Call - Customer,2/6/2022 9:50,CE1121941505,295,397
0x2BFD23E2BA160083,C. Service Request Call - Customer,2/6/2022 9:45,CE0322943949,296,152
0x2BFD23E2BA1A0083,C. Service Request Call - Customer,2/6/2022 9:46,CE0422944328,297,177
0x2BFD23E2BA210083,C. Service Request Call - Customer,2/6/2022 9:47,CE0622945428,298,228
0x2BFD23E2BA230083,G.Repeat Complaint Within 15 Days,2/6/2022 9:47,CE0822947172,299,213
0x2BFD23E2BA280083,C. Service Request Call - Customer,2/6/2022 9:48,CE0922947529,300,265
0x2BFD23E2BA510083,C. Service Request Call - Customer,2/6/2022 9:47,CE101619856,301,169
0x2BFD23E2BA650083,C. Service Request Call - Customer,2/6/2022 9:50,CE011929747,302,308
0x2BFD23E2BA690083,C. Service Request Call - Customer,2/6/2022 9:48,CE0821939593,303,227
0x2BFD23E2BA700083,C. Service Request Call - Customer,2/6/2022 9:50,CE0821939700,304,323
0x2BFD23E2BA720083,C. Service Request Call - Customer,2/6/2022 9:51,CE0921939837,305,371
0x2BFD23E2BA740083,WhatsApp Diverted,2/6/2022 9:46,CE1021940329,306,68
0x2BFD23E2BA780083,WhatsApp Diverted,2/6/2022 9:49,CE1021940769,307,228
0x2BFD23E2BA870083,U.Enquiry Call,2/6/2022 9:46,CE1021940881,308,69
0x2BFD23E2BA8C0083,C. Service Request Call - Customer,2/6/2022 9:49,CE1121941094,309,219
0x2BFD23E2BA9B0083,C. Service Request Call - Customer,2/6/2022 9:50,CE1121941505,310,302
0x2BFD23E2BAA10083,C. Service Request Call - Customer,2/6/2022 9:48,CE0322943949,311,149
0x2BFD23E2BAA90083,A. Fresh Installation Call - Customer,2/6/2022 9:54,CE0422944328,312,457
0x2BFD23E2BAAC0083,E. Reminder Call -Service Or Complaint,2/6/2022 9:50,CE0622945428,313,257
0x2BFD23E2BAAE0083,C. Service Request Call - Customer,2/6/2022 9:48,CE0822947172,314,148
0x2BFD23E2BAB20083,WhatsApp Diverted,2/6/2022 9:49,CE0922947529,315,211
0x2BFD23E2BAB70083,C. Service Request Call - Customer,2/6/2022 9:51,CE101619856,316,283
0x2BFD23E2BAC70083,O. AMC Request - Fresh,2/6/2022 9:52,CE011929747,317,325
0x2BFD23E2BAD50083,G.Repeat Complaint Within 15 Days,2/6/2022 9:50,CE0821939593,318,254
0x2BFD23E2BADB0083,C. Service Request Call - Customer,2/6/2022 9:53,CE0821939700,319,433
0x2BFD23E2BADF0083,C. Service Request Call - Customer,2/6/2022 9:50,CE0921939837,320,219
0x2BFD23E2BAE30083,G.Repeat Complaint Within 15 Days,2/6/2022 9:52,CE1021940329,321,301
0x2BFD23E2BAE50083,G.Repeat Complaint Within 15 Days,2/6/2022 9:50,CE1021940769,322,229
0x2BFD23E2BB020083,G.Repeat Complaint Within 15 Days,2/6/2022 9:49,CE1021940881,323,128
0x2BFD23E2BB190083,K. Call Transferred - Escalation,2/6/2022 9:54,CE1121941094,324,1994
0x2BFD23E2BB1D0083,R.Blank Call,2/6/2022 9:48,CE1121941505,325,27
0x2BFD23E2BB210083,C. Service Request Call - Customer,2/6/2022 9:58,CE0322943949,326,615
0x2BFD23E2BB230083,C. Service Request Call - Customer,2/6/2022 9:50,CE0422944328,327,202
0x2BFD23E2BB350083,WhatsApp Diverted,2/6/2022 9:50,CE0622945428,328,161
0x2BFD23E2BB370083,C. Service Request Call - Customer,2/6/2022 9:49,CE0822947172,329,126
0x2BFD23E2BB3E0083,U.Enquiry Call,2/6/2022 9:48,CE0922947529,330,36
0x2BFD23E2BB420083,C. Service Request Call - Customer,2/6/2022 9:52,CE101619856,331,213
0x2BFD23E2BB440083,C. Service Request Call - Customer,2/6/2022 9:53,CE011929747,332,321
0x2BFD23E2BB560083,E. Reminder Call -Service Or Complaint,2/6/2022 9:52,CE0821939593,333,231
0x2BFD23E2BB590083,C. Service Request Call - Customer,2/6/2022 9:50,CE0821939700,334,128
0x2BFD23E2BB5B0083,C. Service Request Call - Customer,2/6/2022 9:53,CE0921939837,335,304
0x2BFD23E2BB620083,C. Service Request Call - Customer,2/6/2022 9:54,CE1021940329,336,336
0x2BFD23E2BB6B0083,C. Service Request Call - Customer,2/6/2022 9:56,CE1021940769,337,464
0x2BFD23E2BB6D0083,P.Details not available,2/6/2022 9:54,CE1021940881,338,269
0x2BFD23E2BB700083,C. Service Request Call - Customer,2/6/2022 9:51,CE1121941094,339,173
0x2BFD23E2BB780083,C. Service Request Call - Customer,2/6/2022 9:53,CE1121941505,340,274
0x2BFD23E2BB7A0083,WhatsApp Diverted,2/6/2022 9:50,CE0322943949,341,87
0x2BFD23E2BB7C0083,E. Reminder Call -Service Or Complaint,2/6/2022 9:52,CE0422944328,342,142
0x2BFD23E2BB7E0083,M.Re-Installtion or De-Installation,2/6/2022 9:53,CE0622945428,343,285
0x2BFD23E2BB820083,C. Service Request Call - Customer,2/6/2022 9:53,CE0822947172,344,253
0x2BFD23E2BB980083,C. Service Request Call - Customer,2/6/2022 9:52,CE0922947529,345,190
0x2BFD23E2BBBA0083,U.Enquiry Call,2/6/2022 9:51,CE101619856,346,108
0x2BFD23E2BBBF0083,C. Service Request Call - Customer,2/6/2022 9:53,CE011929747,347,163
0x2BFD23E2BBD10083,C. Service Request Call - Customer,2/6/2022 9:56,CE0821939593,348,313
0x2BFD23E2BBD80083,C. Service Request Call - Customer,2/6/2022 9:54,CE0821939700,349,234
0x2BFD23E2BBDA0083,H.Call Transferred - Sales,2/6/2022 9:53,CE0921939837,350,445
0x2BFD23E2BBDE0083,C. Service Request Call - Customer,2/6/2022 9:55,CE1021940329,351,296
0x2BFD23E2BBE90083,G.Repeat Complaint Within 15 Days,2/6/2022 9:55,CE1021940769,352,305
0x2BFD23E2BBFB0083,U.Enquiry Call,2/6/2022 9:52,CE1021940881,353,65
0x2BFD23E2BC110083,C. Service Request Call - Customer,2/6/2022 9:55,CE1121941094,354,239
0x2BFD23E2BC2D0083,C. Service Request Call - Customer,2/6/2022 9:55,CE1121941505,355,180
0x2BFD23E2BC360083,C. Service Request Call - Customer,2/6/2022 9:53,CE0322943949,356,154
0x2BFD23E2BC550083,E. Reminder Call -Service Or Complaint,2/6/2022 9:55,CE0422944328,357,161
0x2BFD23E2BC5D0083,C. Service Request Call - Customer,2/6/2022 9:56,CE0622945428,358,230
0x2BFD23E2BC6D0083,U.Enquiry Call,2/6/2022 9:53,CE0822947172,359,53
0x2BFD23E2BC720083,C. Service Request Call - Customer,2/6/2022 9:58,CE0922947529,360,346
0x2BFD23E2BC760083,SQL Error-Callback,2/6/2022 9:55,CE101619856,361,166
0x2BFD23E2BC7C0083,C. Service Request Call - Customer,2/6/2022 9:56,CE011929747,362,196
0x2BFD23E2BC7F0083,C. Service Request Call - Customer,2/6/2022 9:55,CE0821939593,363,170
0x2BFD23E2BC910083,WhatsApp Diverted,2/6/2022 9:55,CE0821939700,364,111
0x2BFD23E2BC930083,C. Service Request Call - Customer,2/6/2022 9:56,CE0921939837,365,192
0x2BFD23E2BC950083,A. Fresh Installation Call - Customer,2/6/2022 10:00,CE1021940329,366,450
0x2BFD23E2BC9F0083,C. Service Request Call - Customer,2/6/2022 9:55,CE1021940769,367,136
0x2BFD23E2BCA10083,U.Enquiry Call,2/6/2022 9:57,CE1021940881,368,201
0x2BFD23E2BCBE0083,E. Reminder Call -Service Or Complaint,2/6/2022 9:54,CE1121941094,369,135
0x2BFD23E2BCCA0083,C. Service Request Call - Customer,2/6/2022 9:55,CE1121941505,370,139
0x2BFD23E2BCE30083,R.Blank Call,2/6/2022 9:55,CE0322943949,371,38
0x2BFD23E2BD010083,C. Service Request Call - Customer,2/6/2022 9:57,CE0422944328,372,171
0x2BFD23E2BD030083,C. Service Request Call - Customer,2/6/2022 9:58,CE0622945428,373,227
0x2BFD23E2BD090083,AgentToAgent,2/6/2022 9:54,CE0822947172,374,51
0x2BFD23E2BD120083,G.Repeat Complaint Within 15 Days,2/6/2022 9:59,CE0922947529,375,287
0x2BFD23E2BD140083,C. Service Request Call - Customer,2/6/2022 10:02,CE101619856,376,468
0x2BFD23E2BD160083,C. Service Request Call - Customer,2/6/2022 9:58,CE011929747,377,190
0x2BFD23E2BD180083,A. Fresh Installation Call - Customer,2/6/2022 10:00,CE0821939593,378,298
0x2BFD23E2BD1A0083,U.Enquiry Call,2/6/2022 9:58,CE0821939700,379,174
0x2BFD23E2BD490083,R.Blank Call,2/6/2022 9:55,CE0921939837,380,22
0x2BFD23E2BD4B0083,U.Enquiry Call,2/6/2022 9:57,CE1021940329,381,116
0x2BFD23E2BD590083,C. Service Request Call - Customer,2/6/2022 9:58,CE1021940769,382,163
0x2BFD23E2BD5B0083,C. Service Request Call - Customer,2/6/2022 9:58,CE1021940881,383,121
0x2BFD23E2BD5D0083,WhatsApp Diverted,2/6/2022 9:58,CE1121941094,384,151
0x2BFD23E2BD5F0083,C. Service Request Call - Customer,2/6/2022 10:01,CE1121941505,385,326
0x2BFD23E2BD610083,E. Reminder Call -Service Or Complaint,2/6/2022 9:58,CE0322943949,386,118
0x2BFD23E2BD6F0083,C. Service Request Call - Customer,2/6/2022 9:58,CE0422944328,387,191
0x2BFD23E2BD710083,WhatsApp Diverted,2/6/2022 10:01,CE0622945428,388,286
0x2BFD23E2BD730083,C. Service Request Call - Customer,2/6/2022 9:58,CE0822947172,389,164
0x2BFD23E2BD7C0083,C. Service Request Call - Customer,2/6/2022 9:58,CE0922947529,390,124
0x2BFD23E2BD800083,WhatsApp Diverted,2/6/2022 9:57,CE101619856,391,90
0x2BFD23E2BD940083,R.Blank Call,2/6/2022 9:57,CE011929747,392,37
0x2BFD23E2BD980083,R.Blank Call,2/6/2022 9:57,CE0821939593,393,4
0x2BFD23E2BDA90083,AgentToAgent,2/6/2022 9:58,CE0821939700,394,132
0x2BFD23E2BDAD0083,C. Service Request Call - Customer,2/6/2022 9:59,CE0921939837,395,169
0x2BFD23E2BDB10083,C. Service Request Call - Customer,2/6/2022 9:59,CE1021940329,396,179
0x2BFD23E2BDBC0083,C. Service Request Call - Customer,2/6/2022 10:02,CE1021940769,397,263
0x2BFD23E2BDCA0083,E. Reminder Call -Service Or Complaint,2/6/2022 10:00,CE1021940881,398,186
0x2BFD23E2BDCC0083,C. Service Request Call - Customer,2/6/2022 10:02,CE1121941094,399,332
0x2BFD23E2BDCE0083,C. Service Request Call - Customer,2/6/2022 10:03,CE1121941505,400,362
0x2BFD23E2BDD00083,C. Service Request Call - Customer,2/6/2022 10:00,CE0322943949,401,195
0x2BFD23E2BDD70083,C. Service Request Call - Customer,2/6/2022 10:00,CE0422944328,402,222
0x2BFD23E2BDDA0083,C. Service Request Call - Customer,2/6/2022 9:59,CE0622945428,403,166
0x2BFD23E2BE0C0083,F.Reminder Call - Installation,2/6/2022 10:03,CE0822947172,404,262
0x2BFD23E2BE100083,C. Service Request Call - Customer,2/6/2022 10:01,CE0922947529,405,217
0x2BFD23E2BE180083,WhatsApp Diverted,2/6/2022 10:00,CE101619856,406,102
0x2BFD23E2BE220083,C. Service Request Call - Customer,2/6/2022 10:01,CE011929747,407,195
0x2BFD23E2BE280083,C. Service Request Call - Customer,2/6/2022 10:00,CE0821939593,408,139
0x2BFD23E2BE2E0083,E. Reminder Call -Service Or Complaint,2/6/2022 10:04,CE0821939700,409,315
0x2BFD23E2BE320083,C. Service Request Call - Customer,2/6/2022 10:01,CE0921939837,410,137
0x2BFD23E2BE3A0083,C. Service Request Call - Customer,2/6/2022 10:05,CE1021940329,411,393
0x2BFD23E2BE3C0083,WhatsApp Diverted,2/6/2022 10:00,CE1021940769,412,90
0x2BFD23E2BE3F0083,C. Service Request Call - Customer,2/6/2022 10:01,CE1021940881,413,195
0x2BFD23E2BE420083,C. Service Request Call - Customer,2/6/2022 10:03,CE1121941094,414,283
0x2BFD23E2BE590083,R.Blank Call,2/6/2022 10:00,CE1121941505,415,43
0x2BFD23E2BE6C0083,U.Enquiry Call,2/6/2022 10:04,CE0322943949,416,312
0x2BFD23E2BE740083,C. Service Request Call - Customer,2/6/2022 10:03,CE0422944328,417,255
0x2BFD23E2BE8A0083,C. Service Request Call - Customer,2/6/2022 10:02,CE0622945428,418,169
0x2BFD23E2BE980083,C. Service Request Call - Customer,2/6/2022 10:04,CE0822947172,419,199
0x2BFD23E2BEA10083,F.Reminder Call - Installation,2/6/2022 10:02,CE0922947529,420,147
0x2BFD23E2BEA50083,C. Service Request Call - Customer,2/6/2022 10:03,CE101619856,421,143
0x2BFD23E2BEAB0083,C. Service Request Call - Customer,2/6/2022 10:04,CE011929747,422,250
0x2BFD23E2BEAE0083,Language Call Back,2/6/2022 10:03,CE0821939593,423,145
0x2BFD23E2BEB60083,C. Service Request Call - Customer,2/6/2022 10:04,CE0821939700,424,217
0x2BFD23E2BEB80083,Language Call Back,2/6/2022 10:04,CE0921939837,425,107
0x2BFD23E2BEBB0083,WhatsApp Diverted,2/6/2022 10:06,CE1021940329,426,330
0x2BFD23E2BEBD0083,C. Service Request Call - Customer,2/6/2022 10:03,CE1021940769,427,135
0x2BFD23E2BEE10083,C. Service Request Call - Customer,2/6/2022 10:03,CE1021940881,428,147
0x2BFD23E2BEE40083,R.Blank Call,2/6/2022 10:01,CE1121941094,429,20
0x2BFD23E2BEEF0083,C. Service Request Call - Customer,2/6/2022 10:07,CE1121941505,430,333
0x2BFD23E2BF080083,E. Reminder Call -Service Or Complaint,2/6/2022 10:05,CE0322943949,431,234
0x2BFD23E2BF0E0083,C. Service Request Call - Customer,2/6/2022 10:07,CE0422944328,432,369
0x2BFD23E2BF100083,A. Fresh Installation Call - Customer,2/6/2022 10:07,CE0622945428,433,303
0x2BFD23E2BF1E0083,AgentToAgent,2/6/2022 10:01,CE0822947172,434,0
0x2BFD23E2BF4A0083,WhatsApp Diverted,2/6/2022 10:04,CE0922947529,435,93
0x2BFD23E2BF4E0083,C. Service Request Call - Customer,2/6/2022 10:06,CE101619856,436,235
0x2BFD23E2BF5E0083,C. Service Request Call - Customer,2/6/2022 10:05,CE011929747,437,140
0x2BFD23E2BF670083,G.Repeat Complaint Within 15 Days,2/6/2022 10:07,CE0821939593,438,279
0x2BFD23E2BF740083,AgentToAgent,2/6/2022 10:02,CE0821939700,439,0
0x2BFD23E2BF8A0083,U.Enquiry Call,2/6/2022 10:03,CE0921939837,440,9
0x2BFD23E2BF8C0083,C. Service Request Call - Customer,2/6/2022 10:06,CE1021940329,441,193
0x2BFD23E2BF940083,R.Blank Call,2/6/2022 10:04,CE1021940769,442,35
0x2BFD23E2BF960083,A. Fresh Installation Call - Customer,2/6/2022 10:10,CE1021940881,443,357
0x2BFD23E2BFA50083,U.Enquiry Call,2/6/2022 10:08,CE1121941094,444,297
0x2BFD23E2BFB10083,N. AMC Request - Renewal,2/6/2022 10:07,CE1121941505,445,248
0x2BFD23E2BFB30083,C. Service Request Call - Customer,2/6/2022 10:09,CE0322943949,446,335
0x2BFD23E2BFC20083,C. Service Request Call - Customer,2/6/2022 10:10,CE0422944328,447,375
0x2BFD23E2BFC50083,C. Service Request Call - Customer,2/6/2022 10:08,CE0622945428,448,303
0x2BFD23E2BFC70083,C. Service Request Call - Customer,2/6/2022 10:06,CE0822947172,449,174
0x2BFD23E2BFD80083,A. Fresh Installation Call - Customer,2/6/2022 10:09,CE0922947529,450,305
0x2BFD23E2BFDB0083,WhatsApp Diverted,2/6/2022 10:07,CE101619856,451,176
0x2BFD23E2BFF60083,C. Service Request Call - Customer,2/6/2022 10:08,CE011929747,452,270
0x2BFD23E2C00A0083,C. Service Request Call - Customer,2/6/2022 10:07,CE0821939593,453,124
0x2BFD23E2C00C0083,C. Service Request Call - Customer,2/6/2022 10:07,CE0821939700,454,146
0x2BFD23E2C0140083,E. Reminder Call -Service Or Complaint,2/6/2022 10:10,CE0921939837,455,280
0x2BFD23E2C0170083,WhatsApp Diverted,2/6/2022 10:08,CE1021940329,456,195
0x2BFD23E2C01D0083,K. Call Transferred - Escalation,2/6/2022 10:08,CE1021940769,457,209
0x2BFD23E2C0220083,U.Enquiry Call,2/6/2022 10:07,CE1021940881,458,98
0x2BFD23E2C02B0083,WhatsApp Diverted,2/6/2022 10:07,CE1121941094,459,87
0x2BFD23E2C0360083,C. Service Request Call - Customer,2/6/2022 10:08,CE1121941505,460,176
0x2BFD23E2C03A0083,C. Service Request Call - Customer,2/6/2022 10:09,CE0322943949,461,178
0x2BFD23E2C03F0083,C. Service Request Call - Customer,2/6/2022 10:09,CE0422944328,462,178
0x2BFD23E2C04F0083,A. Fresh Installation Call - Customer,2/6/2022 10:12,CE0622945428,463,395
0x2BFD23E2C0550083,U.Enquiry Call,2/6/2022 10:08,CE0822947172,464,38
0x2BFD23E2C05F0083,U.Enquiry Call,2/6/2022 10:07,CE0922947529,465,98
0x2BFD23E2C0610083,C. Service Request Call - Customer,2/6/2022 10:08,CE101619856,466,155
0x2BFD23E2C0690083,C. Service Request Call - Customer,2/6/2022 10:10,CE011929747,467,208
0x2BFD23E2C06D0083,R.Blank Call,2/6/2022 10:07,CE0821939593,468,51
0x2BFD23E2C07A0083,C. Service Request Call - Customer,2/6/2022 10:09,CE0821939700,469,180
0x2BFD23E2C0870083,K. Call Transferred - Escalation,2/6/2022 10:09,CE0921939837,470,211
0x2BFD23E2C08E0083,A. Fresh Installation Call - Customer,2/6/2022 10:12,CE1021940329,471,253
0x2BFD23E2C0A20083,C. Service Request Call - Customer,2/6/2022 10:11,CE1021940769,472,247
0x2BFD23E2C0A40083,C. Service Request Call - Customer,2/6/2022 10:11,CE1021940881,473,185
0x2BFD23E2C0B10083,K. Call Transferred - Escalation,2/6/2022 10:11,CE1121941094,474,278
0x2BFD23E2C0BF0083,R.Blank Call,2/6/2022 10:08,CE1121941505,475,45
0x2BFD23E2C0CB0083,C. Service Request Call - Customer,2/6/2022 10:10,CE0322943949,476,161
0x2BFD23E2C0F40083,Other than Kent,2/6/2022 10:10,CE0422944328,477,101
0x2BFD23E2C0F60083,C. Service Request Call - Customer,2/6/2022 10:11,CE0622945428,478,140
0x2BFD23E2C0F90083,C. Service Request Call - Customer,2/6/2022 10:13,CE0822947172,479,269
0x2BFD23E2C0FC0083,G.Repeat Complaint Within 15 Days,2/6/2022 10:12,CE0922947529,480,271
0x2BFD23E2C1070083,F.Reminder Call - Installation,2/6/2022 10:11,CE101619856,481,32
0x2BFD23E2C10C0083,C. Service Request Call - Customer,2/6/2022 10:12,CE011929747,482,195
0x2BFD23E2C1120083,AgentToAgent,2/6/2022 10:08,CE0821939593,483,34
0x2BFD23E2C1170083,WhatsApp Diverted,2/6/2022 10:12,CE0821939700,484,193
0x2BFD23E2C11E0083,C. Service Request Call - Customer,2/6/2022 10:13,CE0921939837,485,225
0x2BFD23E2C1240083,AgentToAgent,2/6/2022 10:09,CE1021940329,486,35
0x2BFD23E2C1420083,Ringing No Answering,2/6/2022 10:10,CE1021940769,487,39
0x2BFD23E2C1450083,C. Service Request Call - Customer,2/6/2022 10:12,CE1021940881,488,184
0x2BFD23E2C14A0083,A. Fresh Installation Call - Customer,2/6/2022 10:15,CE1121941094,489,355
0x2BFD23E2C1520083,C. Service Request Call - Customer,2/6/2022 10:11,CE1121941505,490,116
0x2BFD23E2C1540083,A. Fresh Installation Call - Customer,2/6/2022 10:16,CE0322943949,491,382
0x2BFD23E2C15D0083,C. Service Request Call - Customer,2/6/2022 10:12,CE0422944328,492,142
0x2BFD23E2C1640083,C. Service Request Call - Customer,2/6/2022 10:19,CE0622945428,493,496
0x2BFD23E2C1660083,C. Service Request Call - Customer,2/6/2022 10:12,CE0822947172,494,132
0x2BFD23E2C16B0083,C. Service Request Call - Customer,2/6/2022 10:12,CE0922947529,495,176
0x2BFD23E2C16E0083,C. Service Request Call - Customer,2/6/2022 10:17,CE101619856,496,480
0x2BFD23E2C1710083,E. Reminder Call -Service Or Complaint,2/6/2022 10:12,CE011929747,497,149
0x2BFD23E2C1920083,E. Reminder Call -Service Or Complaint,2/6/2022 10:13,CE0821939593,498,0
0x2BFD23E2C1960083,C. Service Request Call - Customer,2/6/2022 10:14,CE0821939700,499,236
0x2BFD23E2C19A0083,A. Fresh Installation Call - Customer,2/6/2022 10:16,CE0921939837,500,356
0x2BFD23E2C1B50083,C. Service Request Call - Customer,2/6/2022 10:15,CE1021940329,501,261
0x2BFD23E2C1B70083,Multiple Request,2/6/2022 10:18,CE1021940769,502,440
0x2BFD23E2C1BF0083,C. Service Request Call - Customer,2/6/2022 10:13,CE1021940881,503,151
0x2BFD23E2C1CA0083,(auto),2/6/2022 10:15,CE1121941094,504,157
0x2BFD23E2C1CD0083,WhatsApp Diverted,2/6/2022 10:15,CE1121941505,505,259
0x2BFD23E2C1DF0083,AgentToAgent,2/6/2022 10:11,CE0322943949,506,46
0x2BFD23E2C1F10083,C. Service Request Call - Customer,2/6/2022 10:14,CE0422944328,507,157
0x2BFD23E2C1F90083,C. Service Request Call - Customer,2/6/2022 10:19,CE0622945428,508,449
0x2BFD23E2C1FF0083,C. Service Request Call - Customer,2/6/2022 10:14,CE0822947172,509,153
0x2BFD23E2C2010083,C. Service Request Call - Customer,2/6/2022 10:15,CE0922947529,510,176
0x2BFD23E2C21A0083,WhatsApp Diverted,2/6/2022 10:14,CE101619856,511,129
0x2BFD23E2C2200083,C. Service Request Call - Customer,2/6/2022 10:15,CE011929747,512,168
0x2BFD23E2C2260083,C. Service Request Call - Customer,2/6/2022 10:15,CE0821939593,513,162
0x2BFD23E2C22B0083,WhatsApp Diverted,2/6/2022 10:14,CE0821939700,514,101
0x2BFD23E2C22D0083,C. Service Request Call - Customer,2/6/2022 10:18,CE0921939837,515,381
0x2BFD23E2C2350083,C. Service Request Call - Customer,2/6/2022 10:18,CE1021940329,516,317
0x2BFD23E2C2370083,C. Service Request Call - Customer,2/6/2022 10:23,CE1021940769,517,593
0x2BFD23E2C24D0083,A. Fresh Installation Call - Customer,2/6/2022 10:21,CE1021940881,518,403
0x2BFD23E2C2670083,G.Repeat Complaint Within 15 Days,2/6/2022 10:17,CE1121941094,519,241
0x2BFD23E2C26D0083,C. Service Request Call - Customer,2/6/2022 10:21,CE1121941505,520,454
0x2BFD23E2C28B0083,U.Enquiry Call,2/6/2022 10:15,CE0322943949,521,118
0x2BFD23E2C28F0083,C. Service Request Call - Customer,2/6/2022 10:17,CE0422944328,522,219
0x2BFD23E2C2A80083,C. Service Request Call - Customer,2/6/2022 10:17,CE0622945428,523,227
0x2BFD23E2C2C00083,C. Service Request Call - Customer,2/6/2022 10:18,CE0822947172,524,260
0x2BFD23E2C2CA0083,C. Service Request Call - Customer,2/6/2022 10:20,CE0922947529,525,342
0x2BFD23E2C2CF0083,C. Service Request Call - Customer,2/6/2022 10:17,CE101619856,526,151
0x2BFD23E2C2D10083,C. Service Request Call - Customer,2/6/2022 10:17,CE011929747,527,168
0x2BFD23E2C2D30083,C. Service Request Call - Customer,2/6/2022 10:16,CE0821939593,528,147
0x2BFD23E2C2DA0083,U.Enquiry Call,2/6/2022 10:14,CE0821939700,529,39
0x2BFD23E2C2E50083,M.Re-Installtion or De-Installation,2/6/2022 10:20,CE0921939837,530,332
0x2BFD23E2C2F00083,C. Service Request Call - Customer,2/6/2022 10:17,CE1021940329,531,146
0x2BFD23E2C3040083,C. Service Request Call - Customer,2/6/2022 10:22,CE1021940769,532,431
0x2BFD23E2C3060083,C. Service Request Call - Customer,2/6/2022 10:18,CE1021940881,533,215
0x2BFD23E2C30A0083,WhatsApp Diverted,2/6/2022 10:19,CE1121941094,534,243
0x2BFD23E2C30F0083,WhatsApp Diverted,2/6/2022 10:17,CE1121941505,535,87
0x2BFD23E2C31E0083,E. Reminder Call -Service Or Complaint,2/6/2022 10:18,CE0322943949,536,199
0x2BFD23E2C3250083,A. Fresh Installation Call - Customer,2/6/2022 10:23,CE0422944328,537,404
0x2BFD23E2C32F0083,C. Service Request Call - Customer,2/6/2022 10:19,CE0622945428,538,228
0x2BFD23E2C3350083,C. Service Request Call - Customer,2/6/2022 10:18,CE0822947172,539,155
0x2BFD23E2C3390083,C. Service Request Call - Customer,2/6/2022 10:21,CE0922947529,540,297
0x2BFD23E2C3410083,C. Service Request Call - Customer,2/6/2022 10:20,CE101619856,541,258
0x2BFD23E2C3600083,C. Service Request Call - Customer,2/6/2022 10:19,CE011929747,542,176
0x2BFD23E2C3660083,AgentToAgent,2/6/2022 10:16,CE0821939593,543,0
0x2BFD23E2C36C0083,C. Service Request Call - Customer,2/6/2022 10:21,CE0821939700,544,233
0x2BFD23E2C36F0083,Contact Again,2/6/2022 10:19,CE0921939837,545,0
0x2BFD23E2C3740083,C. Service Request Call - Customer,2/6/2022 10:20,CE1021940329,546,219
0x2BFD23E2C3780083,K. Call Transferred - Escalation,2/6/2022 10:24,CE1021940769,547,1610
0x2BFD23E2C37E0083,C. Service Request Call - Customer,2/6/2022 10:24,CE1021940881,548,460
0x2BFD23E2C3860083,E. Reminder Call -Service Or Complaint,2/6/2022 10:21,CE1121941094,549,249
0x2BFD23E2C38F0083,C. Service Request Call - Customer,2/6/2022 10:20,CE1121941505,550,181
0x2BFD23E2C3920083,G.Repeat Complaint Within 15 Days,2/6/2022 10:20,CE0322943949,551,215
0x2BFD23E2C39F0083,A. Fresh Installation Call - Customer,2/6/2022 10:24,CE0422944328,552,359
0x2BFD23E2C3A60083,C. Service Request Call - Customer,2/6/2022 10:20,CE0622945428,553,188
0x2BFD23E2C3A90083,E. Reminder Call -Service Or Complaint,2/6/2022 10:24,CE0822947172,554,430
0x2BFD23E2C3AB0083,R.Blank Call,2/6/2022 10:18,CE0922947529,555,37
0x2BFD23E2C3DB0083,C. Service Request Call - Customer,2/6/2022 10:22,CE101619856,556,274
0x2BFD23E2C3E50083,C. Service Request Call - Customer,2/6/2022 10:20,CE011929747,557,130
0x2BFD23E2C3F30083,E. Reminder Call -Service Or Complaint,2/6/2022 10:24,CE0821939593,558,343
0x2BFD23E2C3F70083,C. Service Request Call - Customer,2/6/2022 10:21,CE0821939700,559,201
0x2BFD23E2C3FB0083,WhatsApp Diverted,2/6/2022 10:22,CE0921939837,560,206
0x2BFD23E2C4070083,Multiple Request,2/6/2022 10:21,CE1021940329,561,216
0x2BFD23E2C4190083,C. Service Request Call - Customer,2/6/2022 10:24,CE1021940769,562,353
0x2BFD23E2C4230083,H.Call Transferred - Sales,2/6/2022 10:20,CE1021940881,563,624
0x2BFD23E2C4290083,C. Service Request Call - Customer,2/6/2022 10:21,CE1121941094,564,176
0x2BFD23E2C4310083,C. Service Request Call - Customer,2/6/2022 10:30,CE1121941505,565,661
0x2BFD23E2C4330083,C. Service Request Call - Customer,2/6/2022 10:21,CE0322943949,566,135
0x2BFD23E2C43D0083,E. Reminder Call -Service Or Complaint,2/6/2022 10:22,CE0422944328,567,217
0x2BFD23E2C4400083,M.Re-Installtion or De-Installation,2/6/2022 10:23,CE0622945428,568,273
0x2BFD23E2C44D0083,WhatsApp Diverted,2/6/2022 10:20,CE0822947172,569,70
0x2BFD23E2C44F0083,C. Service Request Call - Customer,2/6/2022 10:21,CE0922947529,570,128
0x2BFD23E2C4740083,C. Service Request Call - Customer,2/6/2022 10:21,CE101619856,571,124
0x2BFD23E2C4A00083,F.Reminder Call - Installation,2/6/2022 10:23,CE011929747,572,176
0x2BFD23E2C4A20083,Multiple Request,2/6/2022 10:25,CE0821939593,573,310
0x2BFD23E2C4A50083,WhatsApp Diverted,2/6/2022 10:22,CE0821939700,574,61
0x2BFD23E2C4A70083,C. Service Request Call - Customer,2/6/2022 10:22,CE0921939837,575,127
0x2BFD23E2C4A90083,WhatsApp Diverted,2/6/2022 10:23,CE1021940329,576,128
0x2BFD23E2C4AF0083,C. Service Request Call - Customer,2/6/2022 10:25,CE1021940769,577,268
0x2BFD23E2C4C10083,C. Service Request Call - Customer,2/6/2022 10:26,CE1021940881,578,322
0x2BFD23E2C4C30083,C. Service Request Call - Customer,2/6/2022 10:24,CE1121941094,579,195
0x2BFD23E2C4C70083,C. Service Request Call - Customer,2/6/2022 10:23,CE1121941505,580,153
0x2BFD23E2C4D10083,C. Service Request Call - Customer,2/6/2022 10:25,CE0322943949,581,276
0x2BFD23E2C4D80083,C. Service Request Call - Customer,2/6/2022 10:24,CE0422944328,582,232
0x2BFD23E2C4DA0083,Contact Again,2/6/2022 10:20,CE0622945428,583,0
0x2BFD23E2C4EE0083,G.Repeat Complaint Within 15 Days,2/6/2022 10:24,CE0822947172,584,167
0x2BFD23E2C4F00083,C. Service Request Call - Customer,2/6/2022 10:27,CE0922947529,585,353
0x2BFD23E2C4F60083,A. Fresh Installation Call - Customer,2/6/2022 10:28,CE101619856,586,438
0x2BFD23E2C4FD0083,C. Service Request Call - Customer,2/6/2022 10:29,CE011929747,587,442
0x2BFD23E2C5130083,U.Enquiry Call,2/6/2022 10:21,CE0821939593,588,44
0x2BFD23E2C5170083,C. Service Request Call - Customer,2/6/2022 10:24,CE0821939700,589,212
0x2BFD23E2C51B0083,C. Service Request Call - Customer,2/6/2022 10:26,CE0921939837,590,284
0x2BFD23E2C5240083,WhatsApp Diverted,2/6/2022 10:24,CE1021940329,591,149
0x2BFD23E2C53B0083,V.Test Call,2/6/2022 10:22,CE1021940769,592,93
0x2BFD23E2C5500083,C. Service Request Call - Customer,2/6/2022 10:27,CE1021940881,593,299
0x2BFD23E2C5520083,V.Test Call,2/6/2022 10:22,CE1121941094,594,46
0x2BFD23E2C5550083,C. Service Request Call - Customer,2/6/2022 10:24,CE1121941505,595,135
0x2BFD23E2C5590083,U.Enquiry Call,2/6/2022 10:23,CE0322943949,596,101
0x2BFD23E2C5610083,C. Service Request Call - Customer,2/6/2022 10:27,CE0422944328,597,284
0x2BFD23E2C5730083,C. Service Request Call - Customer,2/6/2022 10:31,CE0622945428,598,543
0x2BFD23E2C58B0083,WhatsApp Diverted,2/6/2022 10:24,CE0822947172,599,118
0x2BFD23E2C58F0083,C. Service Request Call - Customer,2/6/2022 10:28,CE0922947529,600,366
0x2BFD23E2C59C0083,C. Service Request Call - Customer,2/6/2022 10:26,CE101619856,601,222
0x2BFD23E2C5A20083,C. Service Request Call - Customer,2/6/2022 10:25,CE011929747,602,165
0x2BFD23E2C5A70083,C. Service Request Call - Customer,2/6/2022 10:27,CE0821939593,603,261
0x2BFD23E2C5AC0083,U.Enquiry Call,2/6/2022 10:26,CE0821939700,604,173
0x2BFD23E2C5C40083,C. Service Request Call - Customer,2/6/2022 10:27,CE0921939837,605,281
0x2BFD23E2C5C80083,WhatsApp Diverted,2/6/2022 10:25,CE1021940329,606,124
0x2BFD23E2C5CF0083,U.Enquiry Call,2/6/2022 10:23,CE1021940769,607,39
0x2BFD23E2C5D80083,U.Enquiry Call,2/6/2022 10:24,CE1021940881,608,68
0x2BFD23E2C5E40083,WhatsApp Diverted,2/6/2022 10:25,CE1121941094,609,100
0x2BFD23E2C5E60083,C. Service Request Call - Customer,2/6/2022 10:26,CE1121941505,610,152
0x2BFD23E2C5E80083,V.Test Call,2/6/2022 10:24,CE0322943949,611,60
0x2BFD23E2C5F50083,AgentToAgent,2/6/2022 10:24,CE0422944328,612,57
0x2BFD23E2C5FD0083,V.Test Call,2/6/2022 10:24,CE0622945428,613,12
0x2BFD23E2C6090083,C. Service Request Call - Customer,2/6/2022 10:28,CE0822947172,614,245
0x2BFD23E2C60B0083,C. Service Request Call - Customer,2/6/2022 10:31,CE0922947529,615,406
0x2BFD23E2C60F0083,C. Service Request Call - Customer,2/6/2022 10:29,CE101619856,616,302
0x2BFD23E2C6110083,C. Service Request Call - Customer,2/6/2022 10:32,CE011929747,617,472
0x2BFD23E2C6170083,C. Service Request Call - Customer,2/6/2022 10:29,CE0821939593,618,280
0x2BFD23E2C6190083,C. Service Request Call - Customer,2/6/2022 10:26,CE0821939700,619,129
0x2BFD23E2C61B0083,WhatsApp Diverted,2/6/2022 10:26,CE0921939837,620,91
0x2BFD23E2C6250083,WhatsApp Diverted,2/6/2022 10:26,CE1021940329,621,84
0x2BFD23E2C62A0083,C. Service Request Call - Customer,2/6/2022 10:29,CE1021940769,622,250
0x2BFD23E2C6310083,C. Service Request Call - Customer,2/6/2022 10:26,CE1021940881,623,118
0x2BFD23E2C6330083,C. Service Request Call - Customer,2/6/2022 10:28,CE1121941094,624,183
0x2BFD23E2C6350083,C. Service Request Call - Customer,2/6/2022 10:27,CE1121941505,625,170
0x2BFD23E2C64D0083,E. Reminder Call -Service Or Complaint,2/6/2022 10:28,CE0322943949,626,178
0x2BFD23E2C64F0083,C. Service Request Call - Customer,2/6/2022 10:28,CE0422944328,627,205
0x2BFD23E2C6530083,V.Test Call,2/6/2022 10:25,CE0622945428,628,63
0x2BFD23E2C65C0083,WhatsApp Diverted,2/6/2022 10:26,CE0822947172,629,73
0x2BFD23E2C6610083,N. AMC Request - Renewal,2/6/2022 10:24,CE0922947529,630,0
0x2BFD23E2C6630083,V.Test Call,2/6/2022 10:25,CE101619856,631,13
0x2BFD23E2C69B0083,WhatsApp Diverted,2/6/2022 10:27,CE011929747,632,93
0x2BFD23E2C6AF0083,C. Service Request Call - Customer,2/6/2022 10:29,CE0821939593,633,183
0x2BFD23E2C6B50083,WhatsApp Diverted,2/6/2022 10:30,CE0821939700,634,189
0x2BFD23E2C6BD0083,A. Fresh Installation Call - Customer,2/6/2022 10:32,CE0921939837,635,322
0x2BFD23E2C6C80083,C. Service Request Call - Customer,2/6/2022 10:29,CE1021940329,636,143
0x2BFD23E2C6CA0083,C. Service Request Call - Customer,2/6/2022 10:30,CE1021940769,637,188
0x2BFD23E2C6CD0083,V.Test Call,2/6/2022 10:27,CE1021940881,638,64
0x2BFD23E2C6D10083,V.Test Call,2/6/2022 10:27,CE1121941094,639,15
0x2BFD23E2C6D80083,C. Service Request Call - Customer,2/6/2022 10:29,CE1121941505,640,171
0x2BFD23E2C6DA0083,G.Repeat Complaint Within 15 Days,2/6/2022 10:30,CE0322943949,641,214
0x2BFD23E2C6EE0083,C. Service Request Call - Customer,2/6/2022 10:32,CE0422944328,642,264
0x2BFD23E2C6F60083,C. Service Request Call - Customer,2/6/2022 10:31,CE0622945428,643,240
0x2BFD23E2C6FA0083,C. Service Request Call - Customer,2/6/2022 10:33,CE0822947172,644,370
0x2BFD23E2C6FF0083,WhatsApp Diverted,2/6/2022 10:30,CE0922947529,645,138
0x2BFD23E2C70D0083,C. Service Request Call - Customer,2/6/2022 10:31,CE101619856,646,213
0x2BFD23E2C71D0083,V.Test Call,2/6/2022 10:27,CE011929747,647,24
0x2BFD23E2C7280083,V.Test Call,2/6/2022 10:27,CE0821939593,648,18
0x2BFD23E2C7350083,R.Blank Call,2/6/2022 10:29,CE0821939700,649,41
0x2BFD23E2C73D0083,C. Service Request Call - Customer,2/6/2022 10:33,CE0921939837,650,274
0x2BFD23E2C7400083,C. Service Request Call - Customer,2/6/2022 10:32,CE1021940329,651,227
0x2BFD23E2C7480083,C. Service Request Call - Customer,2/6/2022 10:31,CE1021940769,652,165
0x2BFD23E2C7600083,V.Test Call,2/6/2022 10:28,CE1021940881,653,19
0x2BFD23E2C7680083,C. Service Request Call - Customer,2/6/2022 10:34,CE1121941094,654,337
0x2BFD23E2C76D0083,A. Fresh Installation Call - Customer,2/6/2022 10:36,CE1121941505,655,439
0x2BFD23E2C7750083,V.Test Call,2/6/2022 10:28,CE0322943949,656,12
0x2BFD23E2C7790083,C. Service Request Call - Customer,2/6/2022 10:32,CE0422944328,657,225
0x2BFD23E2C77C0083,C. Service Request Call - Customer,2/6/2022 10:34,CE0622945428,658,331
0x2BFD23E2C77E0083,C. Service Request Call - Customer,2/6/2022 10:32,CE0822947172,659,181
0x2BFD23E2C78D0083,C. Service Request Call - Customer,2/6/2022 10:35,CE0922947529,660,325
0x2BFD23E2C7900083,CallerHangUp,2/6/2022 10:29,CE101619856,661,0
0x2BFD23E2C7920083,V.Test Call,2/6/2022 10:32,CE011929747,662,226
0x2BFD23E2C7960083,E. Reminder Call -Service Or Complaint,2/6/2022 10:33,CE0821939593,663,251
0x2BFD23E2C7A60083,V.Test Call,2/6/2022 10:30,CE0821939700,664,176
0x2BFD23E2C7AC0083,C. Service Request Call - Customer,2/6/2022 10:34,CE0921939837,665,265
0x2BFD23E2C7AE0083,C. Service Request Call - Customer,2/6/2022 10:32,CE1021940329,666,187
0x2BFD23E2C7B90083,C. Service Request Call - Customer,2/6/2022 10:35,CE1021940769,667,338
0x2BFD23E2C7C00083,C. Service Request Call - Customer,2/6/2022 10:32,CE1021940881,668,132
0x2BFD23E2C7CE0083,con call with engineer number,2/6/2022 10:32,CE1121941094,669,153
0x2BFD23E2C7D10083,C. Service Request Call - Customer,2/6/2022 10:33,CE1121941505,670,197
0x2BFD23E2C7D40083,K. Call Transferred - Escalation,2/6/2022 10:35,CE0322943949,671,579
0x2BFD23E2C7DA0083,WhatsApp Diverted,2/6/2022 10:31,CE0422944328,672,102
0x2BFD23E2C7DE0083,C. Service Request Call - Customer,2/6/2022 10:32,CE0622945428,673,141
0x2BFD23E2C7E20083,M.Re-Installtion or De-Installation,2/6/2022 10:34,CE0822947172,674,256
0x2BFD23E2C7E80083,A. Fresh Installation Call - Customer,2/6/2022 10:35,CE0922947529,675,267
0x2BFD23E2C7EA0083,C. Service Request Call - Customer,2/6/2022 10:34,CE101619856,676,226
0x2BFD23E2C7FB0083,C. Service Request Call - Customer,2/6/2022 10:35,CE011929747,677,312
0x2BFD23E2C8010083,U.Enquiry Call,2/6/2022 10:30,CE0821939593,678,62
0x2BFD23E2C8050083,C. Service Request Call - Customer,2/6/2022 10:38,CE0821939700,679,458
0x2BFD23E2C8070083,C. Service Request Call - Customer,2/6/2022 10:36,CE0921939837,680,336
0x2BFD23E2C8090083,A. Fresh Installation Call - Customer,2/6/2022 10:36,CE1021940329,681,334
0x2BFD23E2C8190083,C. Service Request Call - Customer,2/6/2022 10:33,CE1021940769,682,147
0x2BFD23E2C82B0083,C. Service Request Call - Customer,2/6/2022 10:34,CE1021940881,683,246
0x2BFD23E2C82F0083,R.Blank Call,2/6/2022 10:32,CE1121941094,684,31
0x2BFD23E2C8320083,C. Service Request Call - Customer,2/6/2022 10:33,CE1121941505,685,133
0x2BFD23E2C8370083,R.Blank Call,2/6/2022 10:32,CE0322943949,686,32
0x2BFD23E2C83E0083,C. Service Request Call - Customer,2/6/2022 10:39,CE0422944328,687,511
0x2BFD23E2C8460083,WhatsApp Diverted,2/6/2022 10:35,CE0622945428,688,236
0x2BFD23E2C8530083,U.Enquiry Call,2/6/2022 10:37,CE0822947172,689,397
0x2BFD23E2C8590083,R.Blank Call,2/6/2022 10:31,CE0922947529,690,1
0x2BFD23E2C85D0083,B. Fresh Installation Call - Dealer,2/6/2022 10:37,CE101619856,691,302
0x2BFD23E2C8600083,C. Service Request Call - Customer,2/6/2022 10:34,CE011929747,692,178
0x2BFD23E2C8670083,C. Service Request Call - Customer,2/6/2022 10:34,CE0821939593,693,170
0x2BFD23E2C86A0083,U.Enquiry Call,2/6/2022 10:34,CE0821939700,694,175
0x2BFD23E2C8750083,C. Service Request Call - Customer,2/6/2022 10:38,CE0921939837,695,369
0x2BFD23E2C8770083,C. Service Request Call - Customer,2/6/2022 10:35,CE1021940329,696,238
0x2BFD23E2C87C0083,E. Reminder Call -Service Or Complaint,2/6/2022 10:34,CE1021940769,697,214
0x2BFD23E2C8800083,C. Service Request Call - Customer,2/6/2022 10:39,CE1021940881,698,404
0x2BFD23E2C8840083,V.Test Call,2/6/2022 10:32,CE1121941094,699,23
0x2BFD23E2C8970083,C. Service Request Call - Customer,2/6/2022 10:38,CE1121941505,700,329
0x2BFD23E2C8C10083,U.Enquiry Call,2/6/2022 10:33,CE0322943949,701,81
0x2BFD23E2C8D80083,AgentToAgent,2/6/2022 10:32,CE0422944328,702,0
0x2BFD23E2C8DA0083,C. Service Request Call - Customer,2/6/2022 10:36,CE0622945428,703,254
0x2BFD23E2C8DC0083,WhatsApp Diverted,2/6/2022 10:34,CE0822947172,704,82
0x2BFD23E2C8EB0083,C. Service Request Call - Customer,2/6/2022 10:34,CE0922947529,705,118
0x2BFD23E2C8ED0083,M.Re-Installtion or De-Installation,2/6/2022 10:37,CE101619856,706,252
0x2BFD23E2C8EF0083,C. Service Request Call - Customer,2/6/2022 10:38,CE011929747,707,305
0x2BFD23E2C9010083,C. Service Request Call - Customer,2/6/2022 10:39,CE0821939593,708,419
0x2BFD23E2C9040083,R.Blank Call,2/6/2022 10:34,CE0821939700,709,37
0x2BFD23E2C91C0083,C. Service Request Call - Customer,2/6/2022 10:39,CE0921939837,710,334
0x2BFD23E2C9200083,U.Enquiry Call,2/6/2022 10:34,CE1021940329,711,88
0x2BFD23E2C92E0083,M.Re-Installtion or De-Installation,2/6/2022 10:39,CE1021940769,712,364
0x2BFD23E2C9340083,C. Service Request Call - Customer,2/6/2022 10:38,CE1021940881,713,286
0x2BFD23E2C93B0083,C. Service Request Call - Customer,2/6/2022 10:37,CE1121941094,714,163
0x2BFD23E2C93D0083,C. Service Request Call - Customer,2/6/2022 10:41,CE1121941505,715,431
0x2BFD23E2C9540083,K. Call Transferred - Escalation,2/6/2022 10:39,CE0322943949,716,258
0x2BFD23E2C9600083,C. Service Request Call - Customer,2/6/2022 10:36,CE0422944328,717,112
0x2BFD23E2C9690083,C. Service Request Call - Customer,2/6/2022 10:38,CE0622945428,718,200
0x2BFD23E2C96B0083,E. Reminder Call -Service Or Complaint,2/6/2022 10:37,CE0822947172,719,129
0x2BFD23E2C96D0083,C. Service Request Call - Customer,2/6/2022 10:36,CE0922947529,720,131
0x2BFD23E2C9720083,U.Enquiry Call,2/6/2022 10:37,CE101619856,721,120
0x2BFD23E2C9740083,C. Service Request Call - Customer,2/6/2022 10:38,CE011929747,722,177
0x2BFD23E2C9800083,R.Blank Call,2/6/2022 10:36,CE0821939593,723,5
0x2BFD23E2C9850083,E. Reminder Call -Service Or Complaint,2/6/2022 10:37,CE0821939700,724,120
0x2BFD23E2C98A0083,C. Service Request Call - Customer,2/6/2022 10:40,CE0921939837,725,289
0x2BFD23E2C99F0083,AgentToAgent,2/6/2022 10:35,CE1021940329,726,53
0x2BFD23E2C9C40083,C. Service Request Call - Customer,2/6/2022 10:39,CE1021940769,727,214
0x2BFD23E2C9D30083,C. Service Request Call - Customer,2/6/2022 10:39,CE1021940881,728,211
0x2BFD23E2C9D50083,C. Service Request Call - Customer,2/6/2022 10:45,CE1121941094,729,548
0x2BFD23E2C9E30083,M.Re-Installtion or De-Installation,2/6/2022 10:45,CE1121941505,730,511
0x2BFD23E2C9F20083,C. Service Request Call - Customer,2/6/2022 10:39,CE0322943949,731,177
0x2BFD23E2C9FA0083,C. Service Request Call - Customer,2/6/2022 10:38,CE0422944328,732,146
0x2BFD23E2C9FF0083,E. Reminder Call -Service Or Complaint,2/6/2022 10:41,CE0622945428,733,264
0x2BFD23E2CA010083,SQL Error-Callback,2/6/2022 10:40,CE0822947172,734,220
0x2BFD23E2CA030083,C. Service Request Call - Customer,2/6/2022 10:41,CE0922947529,735,280
0x2BFD23E2CA110083,C. Service Request Call - Customer,2/6/2022 10:39,CE101619856,736,205
0x2BFD23E2CA1D0083,M.Re-Installtion or De-Installation,2/6/2022 10:41,CE011929747,737,310
0x2BFD23E2CA1F0083,C. Service Request Call - Customer,2/6/2022 10:44,CE0821939593,738,415
0x2BFD23E2CA210083,Escalation Call Back,2/6/2022 10:52,CE0821939700,739,480
0x2BFD23E2CA230083,C. Service Request Call - Customer,2/6/2022 10:43,CE0921939837,740,339
0x2BFD23E2CA390083,C. Service Request Call - Customer,2/6/2022 10:43,CE1021940329,741,371
0x2BFD23E2CA3E0083,M.Re-Installtion or De-Installation,2/6/2022 10:44,CE1021940769,742,429
0x2BFD23E2CA490083,K. Call Transferred - Escalation,2/6/2022 10:42,CE1021940881,743,317
0x2BFD23E2CA4C0083,U.Enquiry Call,2/6/2022 10:46,CE1121941094,744,589
0x2BFD23E2CA670083,U.Enquiry Call,2/6/2022 10:39,CE1121941505,745,90
0x2BFD23E2CA6A0083,C. Service Request Call - Customer,2/6/2022 10:46,CE0322943949,746,525
0x2BFD23E2CA6C0083,WhatsApp Diverted,2/6/2022 10:42,CE0422944328,747,258
0x2BFD23E2CA6E0083,C. Service Request Call - Customer,2/6/2022 10:40,CE0622945428,748,168
0x2BFD23E2CA7B0083,B. Fresh Installation Call - Dealer,2/6/2022 10:44,CE0822947172,749,356
0x2BFD23E2CA870083,C. Service Request Call - Customer,2/6/2022 10:40,CE0922947529,750,121
0x2BFD23E2CA9A0083,AgentToAgent,2/6/2022 10:38,CE101619856,751,79
0x2BFD23E2CAA30083,AgentToAgent,2/6/2022 10:37,CE011929747,752,0
0x2BFD23E2CAA70083,C. Service Request Call - Customer,2/6/2022 10:40,CE0821939593,753,116
0x2BFD23E2CAAB0083,C. Service Request Call - Customer,2/6/2022 10:41,CE0821939700,754,200
0x2BFD23E2CAB40083,C. Service Request Call - Customer,2/6/2022 10:42,CE0921939837,755,189
0x2BFD23E2CAB60083,WhatsApp Diverted,2/6/2022 10:40,CE1021940329,756,74
0x2BFD23E2CABC0083,WhatsApp Diverted,2/6/2022 10:43,CE1021940769,757,234
0x2BFD23E2CAC60083,E. Reminder Call -Service Or Complaint,2/6/2022 10:43,CE1021940881,758,287
0x2BFD23E2CAC80083,C. Service Request Call - Customer,2/6/2022 10:42,CE1121941094,759,214
0x2BFD23E2CAD90083,C. Service Request Call - Customer,2/6/2022 10:41,CE1121941505,760,163
0x2BFD23E2CADC0083,U.Enquiry Call,2/6/2022 10:39,CE0322943949,761,62
0x2BFD23E2CADE0083,U.Enquiry Call,2/6/2022 10:39,CE0422944328,762,18
0x2BFD23E2CAE80083,C. Service Request Call - Customer,2/6/2022 10:41,CE0622945428,763,140
0x2BFD23E2CAEE0083,E. Reminder Call -Service Or Complaint,2/6/2022 10:42,CE0822947172,764,190
0x2BFD23E2CAF30083,R.Blank Call,2/6/2022 10:40,CE0922947529,765,4
0x2BFD23E2CAFA0083,C. Service Request Call - Customer,2/6/2022 10:42,CE101619856,766,140
0x2BFD23E2CB030083,C. Service Request Call - Customer,2/6/2022 10:44,CE011929747,767,254
0x2BFD23E2CB1E0083,WhatsApp Diverted,2/6/2022 10:41,CE0821939593,768,87
0x2BFD23E2CB260083,H.Call Transferred - Sales,2/6/2022 10:44,CE0821939700,769,470
0x2BFD23E2CB2C0083,C. Service Request Call - Customer,2/6/2022 10:48,CE0921939837,770,489
0x2BFD23E2CB450083,C. Service Request Call - Customer,2/6/2022 10:45,CE1021940329,771,244
0x2BFD23E2CB500083,R.Blank Call,2/6/2022 10:41,CE1021940769,772,37
0x2BFD23E2CB560083,C. Service Request Call - Customer,2/6/2022 10:44,CE1021940881,773,218
0x2BFD23E2CB600083,con call with engineer number,2/6/2022 10:42,CE1121941094,774,130
0x2BFD23E2CB690083,C. Service Request Call - Customer,2/6/2022 10:43,CE1121941505,775,168
0x2BFD23E2CB7C0083,A. Fresh Installation Call - Customer,2/6/2022 10:46,CE0322943949,776,318
0x2BFD23E2CB830083,Language Call Back,2/6/2022 10:45,CE0422944328,777,180
