Call_ID,WrapUpName,AgentFirstName,TalkTime
0x2BFD23E2AFB30083,V.Test Call,CE101619856,15
0x2BFD23E2AFB50083,E. Reminder Call -Service Or Complaint,CE011929747,182
0x2BFD23E2AFBF0083,C. Service Request Call - Customer,CE0821939593,329
0x2BFD23E2AFC30083,C. Service Request Call - Customer,CE0821939700,261
0x2BFD23E2AFC60083,C. Service Request Call - Customer,CE0921939837,161
0x2BFD23E2AFCC0083,(auto),CE1021940329,283
0x2BFD23E2AFD10083,E. Reminder Call -Service Or Complaint,CE1021940769,237
0x2BFD23E2AFD30083,E. Reminder Call -Service Or Complaint,CE1021940881,174
0x2BFD23E2AFD50083,H.Call Transferred - Sales,CE1121941094,397
0x2BFD23E2AFD70083,A. Fresh Installation Call - Customer,CE1121941505,673
0x2BFD23E2AFDB0083,C. Service Request Call - Customer,CE0322943949,201
0x2BFD23E2AFDE0083,C. Service Request Call - Customer,CE0422944328,160
0x2BFD23E2AFEE0083,A. Fresh Installation Call - Customer,CE0622945428,755
0x2BFD23E2B00B0083,E. Reminder Call -Service Or Complaint,CE0822947172,203
0x2BFD23E2B0130083,A. Fresh Installation Call - Customer,CE0922947529,425
0x2BFD23E2B01A0083,U.Enquiry Call,CE101619856,150
0x2BFD23E2B01F0083,H.Call Transferred - Sales,CE011929747,307
0x2BFD23E2B0220083,A. Fresh Installation Call - Customer,CE0821939593,294
0x2BFD23E2B0280083,M.Re-Installtion or De-Installation,CE0821939700,237
0x2BFD23E2B02A0083,K. Call Transferred - Escalation,CE0921939837,457
0x2BFD23E2B02E0083,C. Service Request Call - Customer,CE1021940329,310
0x2BFD23E2B0330083,C. Service Request Call - Customer,CE1021940769,203
0x2BFD23E2B0390083,C. Service Request Call - Customer,CE1021940881,166
0x2BFD23E2B03B0083,WhatsApp Diverted,CE1121941094,138
0x2BFD23E2B03F0083,C. Service Request Call - Customer,CE1121941505,196
0x2BFD23E2B0540083,WhatsApp Diverted,CE0322943949,110
0x2BFD23E2B05C0083,C. Service Request Call - Customer,CE0422944328,165
0x2BFD23E2B08E0083,C. Service Request Call - Customer,CE0622945428,144
0x2BFD23E2B0940083,C. Service Request Call - Customer,CE0822947172,256
0x2BFD23E2B09C0083,(auto),CE0922947529,26
0x2BFD23E2B0A10083,C. Service Request Call - Customer,CE101619856,242
0x2BFD23E2B0AD0083,C. Service Request Call - Customer,CE011929747,164
0x2BFD23E2B0AF0083,C. Service Request Call - Customer,CE0821939593,247
0x2BFD23E2B0B10083,C. Service Request Call - Customer,CE0821939700,133
0x2BFD23E2B0B30083,E. Reminder Call -Service Or Complaint,CE0921939837,253
0x2BFD23E2B0B50083,WhatsApp Diverted,CE1021940329,111
0x2BFD23E2B0C40083,A. Fresh Installation Call - Customer,CE1021940769,428
0x2BFD23E2B0D30083,F.Reminder Call - Installation,CE1021940881,165
0x2BFD23E2B0D50083,R.Blank Call,CE1121941094,36
0x2BFD23E2B0D70083,E. Reminder Call -Service Or Complaint,CE1121941505,184
0x2BFD23E2B0E40083,AgentToAgent,CE0322943949,901
0x2BFD23E2B0F00083,A. Fresh Installation Call - Customer,CE0422944328,498
0x2BFD23E2B0F20083,C. Service Request Call - Customer,CE0622945428,137
0x2BFD23E2B0FF0083,WhatsApp Diverted,CE0822947172,117
0x2BFD23E2B1070083,C. Service Request Call - Customer,CE0922947529,297
0x2BFD23E2B10C0083,NotExistingObject,CE101619856,0
0x2BFD23E2B10E0083,R.Blank Call,CE011929747,24
0x2BFD23E2B11C0083,A. Fresh Installation Call - Customer,CE0821939593,503
0x2BFD23E2B12A0083,WhatsApp Diverted,CE0821939700,62
0x2BFD23E2B12E0083,C. Service Request Call - Customer,CE0921939837,345
0x2BFD23E2B1360083,R.Blank Call,CE1021940329,34
0x2BFD23E2B1380083,U.Enquiry Call,CE1021940769,140
0x2BFD23E2B13C0083,C. Service Request Call - Customer,CE1021940881,353
0x2BFD23E2B15C0083,WhatsApp Diverted,CE1121941094,89
0x2BFD23E2B1660083,R.Blank Call,CE1121941505,11
0x2BFD23E2B16B0083,WhatsApp Diverted,CE0322943949,75
0x2BFD23E2B16F0083,C. Service Request Call - Customer,CE0422944328,198
0x2BFD23E2B1740083,C. Service Request Call - Customer,CE0622945428,290
0x2BFD23E2B1760083,C. Service Request Call - Customer,CE0822947172,162
0x2BFD23E2B17A0083,R.Blank Call,CE0922947529,36
0x2BFD23E2B17E0083,C. Service Request Call - Customer,CE101619856,253
0x2BFD23E2B1870083,AgentToAgent,CE011929747,0
0x2BFD23E2B1940083,R.Blank Call,CE0821939593,46
0x2BFD23E2B1C00083,WhatsApp Diverted,CE0821939700,57
0x2BFD23E2B1D50083,R.Blank Call,CE0921939837,68
0x2BFD23E2B1E20083,AgentToAgent,CE1021940329,0
0x2BFD23E2B1EC0083,AgentToAgent,CE1021940769,39
0x2BFD23E2B1F20083,C. Service Request Call - Customer,CE1021940881,135
0x2BFD23E2B1F70083,C. Service Request Call - Customer,CE1121941094,177
0x2BFD23E2B1F90083,U.Enquiry Call,CE1121941505,66
0x2BFD23E2B20C0083,C. Service Request Call - Customer,CE0322943949,182
0x2BFD23E2B20F0083,H.Call Transferred - Sales,CE0422944328,418
0x2BFD23E2B2140083,A. Fresh Installation Call - Customer,CE0622945428,324
0x2BFD23E2B2180083,A. Fresh Installation Call - Customer,CE0822947172,414
0x2BFD23E2B21A0083,C. Service Request Call - Customer,CE0922947529,221
0x2BFD23E2B21E0083,C. Service Request Call - Customer,CE101619856,136
0x2BFD23E2B2200083,C. Service Request Call - Customer,CE011929747,207
0x2BFD23E2B22A0083,C. Service Request Call - Customer,CE0821939593,217
0x2BFD23E2B22E0083,C. Service Request Call - Customer,CE0821939700,165
0x2BFD23E2B2330083,WhatsApp Diverted,CE0921939837,103
0x2BFD23E2B2410083,C. Service Request Call - Customer,CE1021940329,260
0x2BFD23E2B2430083,C. Service Request Call - Customer,CE1021940769,161
0x2BFD23E2B2690083,AgentToAgent,CE1021940881,74
0x2BFD23E2B2760083,C. Service Request Call - Customer,CE1121941094,116
0x2BFD23E2B27A0083,WhatsApp Diverted,CE1121941505,92
0x2BFD23E2B27E0083,C. Service Request Call - Customer,CE0322943949,159
0x2BFD23E2B28D0083,C. Service Request Call - Customer,CE0422944328,198
0x2BFD23E2B2920083,C. Service Request Call - Customer,CE0622945428,193
0x2BFD23E2B29E0083,C. Service Request Call - Customer,CE0822947172,238
0x2BFD23E2B2A00083,C. Service Request Call - Customer,CE0922947529,520
0x2BFD23E2B2A30083,E. Reminder Call -Service Or Complaint,CE101619856,125
0x2BFD23E2B2A70083,U.Enquiry Call,CE011929747,54
0x2BFD23E2B2BC0083,M.Re-Installtion or De-Installation,CE0821939593,243
0x2BFD23E2B2C60083,C. Service Request Call - Customer,CE0821939700,236
0x2BFD23E2B2D60083,WhatsApp Diverted,CE0921939837,70
0x2BFD23E2B2D80083,U.Enquiry Call,CE1021940329,171
0x2BFD23E2B2DB0083,C. Service Request Call - Customer,CE1021940769,210
0x2BFD23E2B2E10083,C. Service Request Call - Customer,CE1021940881,309
0x2BFD23E2B2EC0083,C. Service Request Call - Customer,CE1121941094,335
0x2BFD23E2B2F10083,WhatsApp Diverted,CE1121941505,285
0x2BFD23E2B2F50083,C. Service Request Call - Customer,CE0322943949,135
0x2BFD23E2B2FE0083,A. Fresh Installation Call - Customer,CE0422944328,400
0x2BFD23E2B3060083,C. Service Request Call - Customer,CE0622945428,181
0x2BFD23E2B3090083,C. Service Request Call - Customer,CE0822947172,153
0x2BFD23E2B31A0083,M.Re-Installtion or De-Installation,CE0922947529,412
0x2BFD23E2B31C0083,C. Service Request Call - Customer,CE101619856,231
0x2BFD23E2B3260083,A. Fresh Installation Call - Customer,CE011929747,535
0x2BFD23E2B32F0083,Other than Kent,CE0821939593,54
0x2BFD23E2B3430083,C. Service Request Call - Customer,CE0821939700,201
0x2BFD23E2B3450083,C. Service Request Call - Customer,CE0921939837,163
0x2BFD23E2B34D0083,E. Reminder Call -Service Or Complaint,CE1021940329,243
0x2BFD23E2B3520083,C. Service Request Call - Customer,CE1021940769,166
0x2BFD23E2B3570083,C. Service Request Call - Customer,CE1021940881,194
0x2BFD23E2B3650083,C. Service Request Call - Customer,CE1121941094,213
0x2BFD23E2B3710083,E. Reminder Call -Service Or Complaint,CE1121941505,134
0x2BFD23E2B3A30083,WhatsApp Diverted,CE0322943949,89
0x2BFD23E2B3A80083,C. Service Request Call - Customer,CE0422944328,138
0x2BFD23E2B3BD0083,U.Enquiry Call,CE0622945428,306
0x2BFD23E2B3C00083,C. Service Request Call - Customer,CE0822947172,170
0x2BFD23E2B3C30083,G.Repeat Complaint Within 15 Days,CE0922947529,308
0x2BFD23E2B3C50083,U.Enquiry Call,CE101619856,81
0x2BFD23E2B3D20083,C. Service Request Call - Customer,CE011929747,278
0x2BFD23E2B3E20083,C. Service Request Call - Customer,CE0821939593,251
0x2BFD23E2B3E70083,U.Enquiry Call,CE0821939700,75
0x2BFD23E2B3EA0083,C. Service Request Call - Customer,CE0921939837,315
0x2BFD23E2B3EC0083,M.Re-Installtion or De-Installation,CE1021940329,235
0x2BFD23E2B3FE0083,U.Enquiry Call,CE1021940769,28
0x2BFD23E2B40B0083,C. Service Request Call - Customer,CE1021940881,226
0x2BFD23E2B4170083,C. Service Request Call - Customer,CE1121941094,187
0x2BFD23E2B41A0083,E. Reminder Call -Service Or Complaint,CE1121941505,236
0x2BFD23E2B42D0083,C. Service Request Call - Customer,CE0322943949,345
0x2BFD23E2B4300083,M.Re-Installtion or De-Installation,CE0422944328,292
0x2BFD23E2B4330083,C. Service Request Call - Customer,CE0622945428,406
0x2BFD23E2B4360083,A. Fresh Installation Call - Customer,CE0822947172,256
0x2BFD23E2B4400083,C. Service Request Call - Customer,CE0922947529,133
0x2BFD23E2B4470083,C. Service Request Call - Customer,CE101619856,192
0x2BFD23E2B4490083,C. Service Request Call - Customer,CE011929747,156
0x2BFD23E2B4550083,Other than Kent,CE0821939593,454
0x2BFD23E2B4570083,C. Service Request Call - Customer,CE0821939700,369
0x2BFD23E2B45F0083,WhatsApp Diverted,CE0921939837,119
0x2BFD23E2B4610083,E. Reminder Call -Service Or Complaint,CE1021940329,195
0x2BFD23E2B4640083,G.Repeat Complaint Within 15 Days,CE1021940769,180
0x2BFD23E2B48F0083,C. Service Request Call - Customer,CE1021940881,225
0x2BFD23E2B4AE0083,C. Service Request Call - Customer,CE1121941094,324
0x2BFD23E2B4B20083,C. Service Request Call - Customer,CE1121941505,535
0x2BFD23E2B4B70083,C. Service Request Call - Customer,CE0322943949,220
0x2BFD23E2B4C10083,C. Service Request Call - Customer,CE0422944328,97
0x2BFD23E2B4C50083,C. Service Request Call - Customer,CE0622945428,217
0x2BFD23E2B4C70083,C. Service Request Call - Customer,CE0822947172,135
0x2BFD23E2B4CF0083,C. Service Request Call - Customer,CE0922947529,187
0x2BFD23E2B4D20083,C. Service Request Call - Customer,CE101619856,217
0x2BFD23E2B4D90083,WhatsApp Diverted,CE011929747,223
0x2BFD23E2B4E50083,C. Service Request Call - Customer,CE0821939593,247
0x2BFD23E2B4F20083,U.Enquiry Call,CE0821939700,176
0x2BFD23E2B5030083,E. Reminder Call -Service Or Complaint,CE0921939837,116
0x2BFD23E2B50B0083,R.Blank Call,CE1021940329,76
0x2BFD23E2B50D0083,C. Service Request Call - Customer,CE1021940769,149
0x2BFD23E2B5160083,C. Service Request Call - Customer,CE1021940881,208
0x2BFD23E2B5360083,C. Service Request Call - Customer,CE1121941094,212
0x2BFD23E2B5480083,E. Reminder Call -Service Or Complaint,CE1121941505,125
0x2BFD23E2B54E0083,C. Service Request Call - Customer,CE0322943949,404
0x2BFD23E2B56B0083,U.Enquiry Call,CE0422944328,83
0x2BFD23E2B5760083,C. Service Request Call - Customer,CE0622945428,173
0x2BFD23E2B5780083,C. Service Request Call - Customer,CE0822947172,144
0x2BFD23E2B57C0083,C. Service Request Call - Customer,CE0922947529,201
0x2BFD23E2B5840083,K. Call Transferred - Escalation,CE101619856,503
0x2BFD23E2B5A00083,C. Service Request Call - Customer,CE011929747,158
0x2BFD23E2B5A50083,Call Disconnected By Customer,CE0821939593,19
0x2BFD23E2B5A70083,C. Service Request Call - Customer,CE0821939700,285
0x2BFD23E2B5B30083,U.Enquiry Call,CE0921939837,450
0x2BFD23E2B5B50083,C. Service Request Call - Customer,CE1021940329,358
0x2BFD23E2B5C00083,G.Repeat Complaint Within 15 Days,CE1021940769,266
0x2BFD23E2B5C20083,C. Service Request Call - Customer,CE1021940881,170
0x2BFD23E2B5C50083,R.Blank Call,CE1121941094,47
0x2BFD23E2B5C70083,C. Service Request Call - Customer,CE1121941505,156
0x2BFD23E2B5DE0083,U.Enquiry Call,CE0322943949,391
0x2BFD23E2B5F10083,C. Service Request Call - Customer,CE0422944328,312
0x2BFD23E2B5FA0083,C. Service Request Call - Customer,CE0622945428,180
0x2BFD23E2B61B0083,N. AMC Request - Renewal,CE0822947172,291
0x2BFD23E2B61D0083,C. Service Request Call - Customer,CE0922947529,343
0x2BFD23E2B61F0083,C. Service Request Call - Customer,CE101619856,269
0x2BFD23E2B6210083,C. Service Request Call - Customer,CE011929747,203
0x2BFD23E2B62B0083,U.Enquiry Call,CE0821939593,114
0x2BFD23E2B6370083,C. Service Request Call - Customer,CE0821939700,236
0x2BFD23E2B63D0083,G.Repeat Complaint Within 15 Days,CE0921939837,198
0x2BFD23E2B64B0083,K. Call Transferred - Escalation,CE1021940329,444
0x2BFD23E2B64D0083,WhatsApp Diverted,CE1021940769,75
0x2BFD23E2B6510083,C. Service Request Call - Customer,CE1021940881,451
0x2BFD23E2B6590083,C. Service Request Call - Customer,CE1121941094,451
0x2BFD23E2B6630083,C. Service Request Call - Customer,CE1121941505,190
0x2BFD23E2B6690083,E. Reminder Call -Service Or Complaint,CE0322943949,522
0x2BFD23E2B67D0083,E. Reminder Call -Service Or Complaint,CE0422944328,396
0x2BFD23E2B67F0083,C. Service Request Call - Customer,CE0622945428,251
0x2BFD23E2B6810083,C. Service Request Call - Customer,CE0822947172,457
0x2BFD23E2B68D0083,C. Service Request Call - Customer,CE0922947529,250
0x2BFD23E2B68F0083,C. Service Request Call - Customer,CE101619856,109
0x2BFD23E2B6970083,C. Service Request Call - Customer,CE011929747,141
0x2BFD23E2B6990083,C. Service Request Call - Customer,CE0821939593,183
0x2BFD23E2B69D0083,C. Service Request Call - Customer,CE0821939700,304
0x2BFD23E2B6A10083,C. Service Request Call - Customer,CE0921939837,267
0x2BFD23E2B6A40083,C. Service Request Call - Customer,CE1021940329,263
0x2BFD23E2B6A70083,Ringing No Answering,CE1021940769,0
0x2BFD23E2B6BE0083,AgentToAgent,CE1021940881,24
0x2BFD23E2B6C00083,R.Blank Call,CE1121941094,3
0x2BFD23E2B6C60083,U.Enquiry Call,CE1121941505,76
0x2BFD23E2B6D60083,Ringing No Answering,CE0322943949,0
0x2BFD23E2B6DB0083,C. Service Request Call - Customer,CE0422944328,210
0x2BFD23E2B6E80083,C. Service Request Call - Customer,CE0622945428,238
0x2BFD23E2B6ED0083,C. Service Request Call - Customer,CE0822947172,167
0x2BFD23E2B6F10083,C. Service Request Call - Customer,CE0922947529,157
0x2BFD23E2B6F30083,M.Re-Installtion or De-Installation,CE101619856,326
0x2BFD23E2B7210083,R.Blank Call,CE011929747,12
0x2BFD23E2B7240083,C. Service Request Call - Customer,CE0821939593,113
0x2BFD23E2B73A0083,WhatsApp Diverted,CE0821939700,115
0x2BFD23E2B73F0083,E. Reminder Call -Service Or Complaint,CE0921939837,226
0x2BFD23E2B7410083,C. Service Request Call - Customer,CE1021940329,286
0x2BFD23E2B74A0083,WhatsApp Diverted,CE1021940769,131
0x2BFD23E2B74C0083,M.Re-Installtion or De-Installation,CE1021940881,353
0x2BFD23E2B7540083,C. Service Request Call - Customer,CE1121941094,303
0x2BFD23E2B7690083,AgentToAgent,CE1121941505,42
0x2BFD23E2B76F0083,WhatsApp Diverted,CE0322943949,246
0x2BFD23E2B77B0083,C. Service Request Call - Customer,CE0422944328,340
0x2BFD23E2B7880083,C. Service Request Call - Customer,CE0622945428,282
0x2BFD23E2B7900083,A. Fresh Installation Call - Customer,CE0822947172,375
0x2BFD23E2B79C0083,C. Service Request Call - Customer,CE0922947529,327
0x2BFD23E2B7AF0083,WhatsApp Diverted,CE101619856,187
0x2BFD23E2B7BA0083,U.Enquiry Call,CE011929747,63
0x2BFD23E2B7C70083,A. Fresh Installation Call - Customer,CE0821939593,395
0x2BFD23E2B7C90083,C. Service Request Call - Customer,CE0821939700,186
0x2BFD23E2B7E20083,WhatsApp Diverted,CE0921939837,127
0x2BFD23E2B7EC0083,C. Service Request Call - Customer,CE1021940329,238
0x2BFD23E2B7EE0083,C. Service Request Call - Customer,CE1021940769,165
0x2BFD23E2B7F10083,U.Enquiry Call,CE1021940881,30
0x2BFD23E2B7F50083,C. Service Request Call - Customer,CE1121941094,183
0x2BFD23E2B7FD0083,AgentToAgent,CE1121941505,0
0x2BFD23E2B80E0083,G.Repeat Complaint Within 15 Days,CE0322943949,208
0x2BFD23E2B81C0083,C. Service Request Call - Customer,CE0422944328,341
0x2BFD23E2B8210083,R.Blank Call,CE0622945428,33
0x2BFD23E2B8270083,AgentToAgent,CE0822947172,0
0x2BFD23E2B82A0083,R.Blank Call,CE0922947529,17
0x2BFD23E2B8300083,C. Service Request Call - Customer,CE101619856,197
0x2BFD23E2B83A0083,C. Service Request Call - Customer,CE011929747,197
0x2BFD23E2B8410083,G.Repeat Complaint Within 15 Days,CE0821939593,128
0x2BFD23E2B84B0083,C. Service Request Call - Customer,CE0821939700,186
0x2BFD23E2B84E0083,U.Enquiry Call,CE0921939837,140
0x2BFD23E2B8590083,AgentToAgent,CE1021940329,1
0x2BFD23E2B85C0083,E. Reminder Call -Service Or Complaint,CE1021940769,149
0x2BFD23E2B86C0083,C. Service Request Call - Customer,CE1021940881,198
0x2BFD23E2B86E0083,R.Blank Call,CE1121941094,31
0x2BFD23E2B87B0083,U.Enquiry Call,CE1121941505,389
0x2BFD23E2B87D0083,C. Service Request Call - Customer,CE0322943949,190
0x2BFD23E2B87F0083,C. Service Request Call - Customer,CE0422944328,148
0x2BFD23E2B8920083,C. Service Request Call - Customer,CE0622945428,267
0x2BFD23E2B89C0083,C. Service Request Call - Customer,CE0822947172,213
0x2BFD23E2B8A00083,U.Enquiry Call,CE0922947529,62
0x2BFD23E2B8AF0083,C. Service Request Call - Customer,CE101619856,237
0x2BFD23E2B8B50083,C. Service Request Call - Customer,CE011929747,160
0x2BFD23E2B8CA0083,C. Service Request Call - Customer,CE0821939593,194
0x2BFD23E2B8CB0083,K. Call Transferred - Escalation,CE0821939700,355
0x2BFD23E2B8CE0083,C. Service Request Call - Customer,CE0921939837,397
0x2BFD23E2B8D60083,R.Blank Call,CE1021940329,27
0x2BFD23E2B8DE0083,E. Reminder Call -Service Or Complaint,CE1021940769,386
0x2BFD23E2B8E40083,C. Service Request Call - Customer,CE1021940881,201
0x2BFD23E2B9030083,G.Repeat Complaint Within 15 Days,CE1121941094,230
0x2BFD23E2B9070083,C. Service Request Call - Customer,CE1121941505,130
0x2BFD23E2B90C0083,R.Blank Call,CE0322943949,2
0x2BFD23E2B9170083,C. Service Request Call - Customer,CE0422944328,327
0x2BFD23E2B9250083,AgentToAgent,CE0622945428,0
0x2BFD23E2B9340083,WhatsApp Diverted,CE0822947172,120
0x2BFD23E2B9360083,G.Repeat Complaint Within 15 Days,CE0922947529,213
0x2BFD23E2B9380083,WhatsApp Diverted,CE101619856,208
0x2BFD23E2B9410083,R.Blank Call,CE011929747,17
0x2BFD23E2B9420083,C. Service Request Call - Customer,CE0821939593,447
0x2BFD23E2B9500083,C. Service Request Call - Customer,CE0821939700,155
0x2BFD23E2B9560083,C. Service Request Call - Customer,CE0921939837,131
0x2BFD23E2B9590083,U.Enquiry Call,CE1021940329,23
0x2BFD23E2B95C0083,C. Service Request Call - Customer,CE1021940769,110
0x2BFD23E2B9720083,C. Service Request Call - Customer,CE1021940881,236
0x2BFD23E2B9740083,C. Service Request Call - Customer,CE1121941094,296
0x2BFD23E2B9940083,G.Repeat Complaint Within 15 Days,CE1121941505,348
0x2BFD23E2B99F0083,R.Blank Call,CE0322943949,35
0x2BFD23E2B9A30083,G.Repeat Complaint Within 15 Days,CE0422944328,216
0x2BFD23E2B9AD0083,U.Enquiry Call,CE0622945428,61
0x2BFD23E2B9B20083,WhatsApp Diverted,CE0822947172,93
0x2BFD23E2B9BC0083,E. Reminder Call -Service Or Complaint,CE0922947529,123
0x2BFD23E2B9C40083,K. Call Transferred - Escalation,CE101619856,1536
0x2BFD23E2B9CD0083,U.Enquiry Call,CE011929747,35
0x2BFD23E2B9D70083,C. Service Request Call - Customer,CE0821939593,197
0x2BFD23E2B9DD0083,C. Service Request Call - Customer,CE0821939700,286
0x2BFD23E2B9E70083,U.Enquiry Call,CE0921939837,98
0x2BFD23E2B9E90083,WhatsApp Diverted,CE1021940329,93
0x2BFD23E2B9F20083,C. Service Request Call - Customer,CE1021940769,204
0x2BFD23E2B9F50083,E. Reminder Call -Service Or Complaint,CE1021940881,354
0x2BFD23E2BA110083,AgentToAgent,CE1121941094,61
0x2BFD23E2BA140083,C. Service Request Call - Customer,CE1121941505,397
0x2BFD23E2BA160083,C. Service Request Call - Customer,CE0322943949,152
0x2BFD23E2BA1A0083,C. Service Request Call - Customer,CE0422944328,177
0x2BFD23E2BA210083,C. Service Request Call - Customer,CE0622945428,228
0x2BFD23E2BA230083,G.Repeat Complaint Within 15 Days,CE0822947172,213
0x2BFD23E2BA280083,C. Service Request Call - Customer,CE0922947529,265
0x2BFD23E2BA510083,C. Service Request Call - Customer,CE101619856,169
0x2BFD23E2BA650083,C. Service Request Call - Customer,CE011929747,308
0x2BFD23E2BA690083,C. Service Request Call - Customer,CE0821939593,227
0x2BFD23E2BA700083,C. Service Request Call - Customer,CE0821939700,323
0x2BFD23E2BA720083,C. Service Request Call - Customer,CE0921939837,371
0x2BFD23E2BA740083,WhatsApp Diverted,CE1021940329,68
0x2BFD23E2BA780083,WhatsApp Diverted,CE1021940769,228
0x2BFD23E2BA870083,U.Enquiry Call,CE1021940881,69
0x2BFD23E2BA8C0083,C. Service Request Call - Customer,CE1121941094,219
0x2BFD23E2BA9B0083,C. Service Request Call - Customer,CE1121941505,302
0x2BFD23E2BAA10083,C. Service Request Call - Customer,CE0322943949,149
0x2BFD23E2BAA90083,A. Fresh Installation Call - Customer,CE0422944328,457
0x2BFD23E2BAAC0083,E. Reminder Call -Service Or Complaint,CE0622945428,257
0x2BFD23E2BAAE0083,C. Service Request Call - Customer,CE0822947172,148
0x2BFD23E2BAB20083,WhatsApp Diverted,CE0922947529,211
0x2BFD23E2BAB70083,C. Service Request Call - Customer,CE101619856,283
0x2BFD23E2BAC70083,O. AMC Request - Fresh,CE011929747,325
0x2BFD23E2BAD50083,G.Repeat Complaint Within 15 Days,CE0821939593,254
0x2BFD23E2BADB0083,C. Service Request Call - Customer,CE0821939700,433
0x2BFD23E2BADF0083,C. Service Request Call - Customer,CE0921939837,219
0x2BFD23E2BAE30083,G.Repeat Complaint Within 15 Days,CE1021940329,301
0x2BFD23E2BAE50083,G.Repeat Complaint Within 15 Days,CE1021940769,229
0x2BFD23E2BB020083,G.Repeat Complaint Within 15 Days,CE1021940881,128
0x2BFD23E2BB190083,K. Call Transferred - Escalation,CE1121941094,1994
0x2BFD23E2BB1D0083,R.Blank Call,CE1121941505,27
0x2BFD23E2BB210083,C. Service Request Call - Customer,CE0322943949,615
0x2BFD23E2BB230083,C. Service Request Call - Customer,CE0422944328,202
0x2BFD23E2BB350083,WhatsApp Diverted,CE0622945428,161
0x2BFD23E2BB370083,C. Service Request Call - Customer,CE0822947172,126
0x2BFD23E2BB3E0083,U.Enquiry Call,CE0922947529,36
0x2BFD23E2BB420083,C. Service Request Call - Customer,CE101619856,213
0x2BFD23E2BB440083,C. Service Request Call - Customer,CE011929747,321
0x2BFD23E2BB560083,E. Reminder Call -Service Or Complaint,CE0821939593,231
0x2BFD23E2BB590083,C. Service Request Call - Customer,CE0821939700,128
0x2BFD23E2BB5B0083,C. Service Request Call - Customer,CE0921939837,304
0x2BFD23E2BB620083,C. Service Request Call - Customer,CE1021940329,336
0x2BFD23E2BB6B0083,C. Service Request Call - Customer,CE1021940769,464
0x2BFD23E2BB6D0083,P.Details not available,CE1021940881,269
0x2BFD23E2BB700083,C. Service Request Call - Customer,CE1121941094,173
0x2BFD23E2BB780083,C. Service Request Call - Customer,CE1121941505,274
0x2BFD23E2BB7A0083,WhatsApp Diverted,CE0322943949,87
0x2BFD23E2BB7C0083,E. Reminder Call -Service Or Complaint,CE0422944328,142
0x2BFD23E2BB7E0083,M.Re-Installtion or De-Installation,CE0622945428,285
0x2BFD23E2BB820083,C. Service Request Call - Customer,CE0822947172,253
0x2BFD23E2BB980083,C. Service Request Call - Customer,CE0922947529,190
0x2BFD23E2BBBA0083,U.Enquiry Call,CE101619856,108
0x2BFD23E2BBBF0083,C. Service Request Call - Customer,CE011929747,163
0x2BFD23E2BBD10083,C. Service Request Call - Customer,CE0821939593,313
0x2BFD23E2BBD80083,C. Service Request Call - Customer,CE0821939700,234
0x2BFD23E2BBDA0083,H.Call Transferred - Sales,CE0921939837,445
0x2BFD23E2BBDE0083,C. Service Request Call - Customer,CE1021940329,296
0x2BFD23E2BBE90083,G.Repeat Complaint Within 15 Days,CE1021940769,305
0x2BFD23E2BBFB0083,U.Enquiry Call,CE1021940881,65
0x2BFD23E2BC110083,C. Service Request Call - Customer,CE1121941094,239
0x2BFD23E2BC2D0083,C. Service Request Call - Customer,CE1121941505,180
0x2BFD23E2BC360083,C. Service Request Call - Customer,CE0322943949,154
0x2BFD23E2BC550083,E. Reminder Call -Service Or Complaint,CE0422944328,161
0x2BFD23E2BC5D0083,C. Service Request Call - Customer,CE0622945428,230
0x2BFD23E2BC6D0083,U.Enquiry Call,CE0822947172,53
0x2BFD23E2BC720083,C. Service Request Call - Customer,CE0922947529,346
0x2BFD23E2BC760083,SQL Error-Callback,CE101619856,166
0x2BFD23E2BC7C0083,C. Service Request Call - Customer,CE011929747,196
0x2BFD23E2BC7F0083,C. Service Request Call - Customer,CE0821939593,170
0x2BFD23E2BC910083,WhatsApp Diverted,CE0821939700,111
0x2BFD23E2BC930083,C. Service Request Call - Customer,CE0921939837,192
0x2BFD23E2BC950083,A. Fresh Installation Call - Customer,CE1021940329,450
0x2BFD23E2BC9F0083,C. Service Request Call - Customer,CE1021940769,136
0x2BFD23E2BCA10083,U.Enquiry Call,CE1021940881,201
0x2BFD23E2BCBE0083,E. Reminder Call -Service Or Complaint,CE1121941094,135
0x2BFD23E2BCCA0083,C. Service Request Call - Customer,CE1121941505,139
0x2BFD23E2BCE30083,R.Blank Call,CE0322943949,38
0x2BFD23E2BD010083,C. Service Request Call - Customer,CE0422944328,171
0x2BFD23E2BD030083,C. Service Request Call - Customer,CE0622945428,227
0x2BFD23E2BD090083,AgentToAgent,CE0822947172,51
0x2BFD23E2BD120083,G.Repeat Complaint Within 15 Days,CE0922947529,287
0x2BFD23E2BD140083,C. Service Request Call - Customer,CE101619856,468
0x2BFD23E2BD160083,C. Service Request Call - Customer,CE011929747,190
0x2BFD23E2BD180083,A. Fresh Installation Call - Customer,CE0821939593,298
0x2BFD23E2BD1A0083,U.Enquiry Call,CE0821939700,174
0x2BFD23E2BD490083,R.Blank Call,CE0921939837,22
0x2BFD23E2BD4B0083,U.Enquiry Call,CE1021940329,116
0x2BFD23E2BD590083,C. Service Request Call - Customer,CE1021940769,163
0x2BFD23E2BD5B0083,C. Service Request Call - Customer,CE1021940881,121
0x2BFD23E2BD5D0083,WhatsApp Diverted,CE1121941094,151
0x2BFD23E2BD5F0083,C. Service Request Call - Customer,CE1121941505,326
0x2BFD23E2BD610083,E. Reminder Call -Service Or Complaint,CE0322943949,118
0x2BFD23E2BD6F0083,C. Service Request Call - Customer,CE0422944328,191
0x2BFD23E2BD710083,WhatsApp Diverted,CE0622945428,286
0x2BFD23E2BD730083,C. Service Request Call - Customer,CE0822947172,164
0x2BFD23E2BD7C0083,C. Service Request Call - Customer,CE0922947529,124
0x2BFD23E2BD800083,WhatsApp Diverted,CE101619856,90
0x2BFD23E2BD940083,R.Blank Call,CE011929747,37
0x2BFD23E2BD980083,R.Blank Call,CE0821939593,4
0x2BFD23E2BDA90083,AgentToAgent,CE0821939700,132
0x2BFD23E2BDAD0083,C. Service Request Call - Customer,CE0921939837,169
0x2BFD23E2BDB10083,C. Service Request Call - Customer,CE1021940329,179
0x2BFD23E2BDBC0083,C. Service Request Call - Customer,CE1021940769,263
0x2BFD23E2BDCA0083,E. Reminder Call -Service Or Complaint,CE1021940881,186
0x2BFD23E2BDCC0083,C. Service Request Call - Customer,CE1121941094,332
0x2BFD23E2BDCE0083,C. Service Request Call - Customer,CE1121941505,362
0x2BFD23E2BDD00083,C. Service Request Call - Customer,CE0322943949,195
0x2BFD23E2BDD70083,C. Service Request Call - Customer,CE0422944328,222
0x2BFD23E2BDDA0083,C. Service Request Call - Customer,CE0622945428,166
0x2BFD23E2BE0C0083,F.Reminder Call - Installation,CE0822947172,262
0x2BFD23E2BE100083,C. Service Request Call - Customer,CE0922947529,217
0x2BFD23E2BE180083,WhatsApp Diverted,CE101619856,102
0x2BFD23E2BE220083,C. Service Request Call - Customer,CE011929747,195
0x2BFD23E2BE280083,C. Service Request Call - Customer,CE0821939593,139
0x2BFD23E2BE2E0083,E. Reminder Call -Service Or Complaint,CE0821939700,315
0x2BFD23E2BE320083,C. Service Request Call - Customer,CE0921939837,137
0x2BFD23E2BE3A0083,C. Service Request Call - Customer,CE1021940329,393
0x2BFD23E2BE3C0083,WhatsApp Diverted,CE1021940769,90
0x2BFD23E2BE3F0083,C. Service Request Call - Customer,CE1021940881,195
0x2BFD23E2BE420083,C. Service Request Call - Customer,CE1121941094,283
0x2BFD23E2BE590083,R.Blank Call,CE1121941505,43
0x2BFD23E2BE6C0083,U.Enquiry Call,CE0322943949,312
0x2BFD23E2BE740083,C. Service Request Call - Customer,CE0422944328,255
0x2BFD23E2BE8A0083,C. Service Request Call - Customer,CE0622945428,169
0x2BFD23E2BE980083,C. Service Request Call - Customer,CE0822947172,199
0x2BFD23E2BEA10083,F.Reminder Call - Installation,CE0922947529,147
0x2BFD23E2BEA50083,C. Service Request Call - Customer,CE101619856,143
0x2BFD23E2BEAB0083,C. Service Request Call - Customer,CE011929747,250
0x2BFD23E2BEAE0083,Language Call Back,CE0821939593,145
0x2BFD23E2BEB60083,C. Service Request Call - Customer,CE0821939700,217
0x2BFD23E2BEB80083,Language Call Back,CE0921939837,107
0x2BFD23E2BEBB0083,WhatsApp Diverted,CE1021940329,330
0x2BFD23E2BEBD0083,C. Service Request Call - Customer,CE1021940769,135
0x2BFD23E2BEE10083,C. Service Request Call - Customer,CE1021940881,147
0x2BFD23E2BEE40083,R.Blank Call,CE1121941094,20
0x2BFD23E2BEEF0083,C. Service Request Call - Customer,CE1121941505,333
0x2BFD23E2BF080083,E. Reminder Call -Service Or Complaint,CE0322943949,234
0x2BFD23E2BF0E0083,C. Service Request Call - Customer,CE0422944328,369
0x2BFD23E2BF100083,A. Fresh Installation Call - Customer,CE0622945428,303
0x2BFD23E2BF1E0083,AgentToAgent,CE0822947172,0
0x2BFD23E2BF4A0083,WhatsApp Diverted,CE0922947529,93
0x2BFD23E2BF4E0083,C. Service Request Call - Customer,CE101619856,235
0x2BFD23E2BF5E0083,C. Service Request Call - Customer,CE011929747,140
0x2BFD23E2BF670083,G.Repeat Complaint Within 15 Days,CE0821939593,279
0x2BFD23E2BF740083,AgentToAgent,CE0821939700,0
0x2BFD23E2BF8A0083,U.Enquiry Call,CE0921939837,9
0x2BFD23E2BF8C0083,C. Service Request Call - Customer,CE1021940329,193
0x2BFD23E2BF940083,R.Blank Call,CE1021940769,35
0x2BFD23E2BF960083,A. Fresh Installation Call - Customer,CE1021940881,357
0x2BFD23E2BFA50083,U.Enquiry Call,CE1121941094,297
0x2BFD23E2BFB10083,N. AMC Request - Renewal,CE1121941505,248
0x2BFD23E2BFB30083,C. Service Request Call - Customer,CE0322943949,335
0x2BFD23E2BFC20083,C. Service Request Call - Customer,CE0422944328,375
0x2BFD23E2BFC50083,C. Service Request Call - Customer,CE0622945428,303
0x2BFD23E2BFC70083,C. Service Request Call - Customer,CE0822947172,174
0x2BFD23E2BFD80083,A. Fresh Installation Call - Customer,CE0922947529,305
0x2BFD23E2BFDB0083,WhatsApp Diverted,CE101619856,176
0x2BFD23E2BFF60083,C. Service Request Call - Customer,CE011929747,270
0x2BFD23E2C00A0083,C. Service Request Call - Customer,CE0821939593,124
0x2BFD23E2C00C0083,C. Service Request Call - Customer,CE0821939700,146
0x2BFD23E2C0140083,E. Reminder Call -Service Or Complaint,CE0921939837,280
0x2BFD23E2C0170083,WhatsApp Diverted,CE1021940329,195
0x2BFD23E2C01D0083,K. Call Transferred - Escalation,CE1021940769,209
0x2BFD23E2C0220083,U.Enquiry Call,CE1021940881,98
0x2BFD23E2C02B0083,WhatsApp Diverted,CE1121941094,87
0x2BFD23E2C0360083,C. Service Request Call - Customer,CE1121941505,176
0x2BFD23E2C03A0083,C. Service Request Call - Customer,CE0322943949,178
0x2BFD23E2C03F0083,C. Service Request Call - Customer,CE0422944328,178
0x2BFD23E2C04F0083,A. Fresh Installation Call - Customer,CE0622945428,395
0x2BFD23E2C0550083,U.Enquiry Call,CE0822947172,38
0x2BFD23E2C05F0083,U.Enquiry Call,CE0922947529,98
0x2BFD23E2C0610083,C. Service Request Call - Customer,CE101619856,155
0x2BFD23E2C0690083,C. Service Request Call - Customer,CE011929747,208
0x2BFD23E2C06D0083,R.Blank Call,CE0821939593,51
0x2BFD23E2C07A0083,C. Service Request Call - Customer,CE0821939700,180
0x2BFD23E2C0870083,K. Call Transferred - Escalation,CE0921939837,211
0x2BFD23E2C08E0083,A. Fresh Installation Call - Customer,CE1021940329,253
0x2BFD23E2C0A20083,C. Service Request Call - Customer,CE1021940769,247
0x2BFD23E2C0A40083,C. Service Request Call - Customer,CE1021940881,185
0x2BFD23E2C0B10083,K. Call Transferred - Escalation,CE1121941094,278
0x2BFD23E2C0BF0083,R.Blank Call,CE1121941505,45
0x2BFD23E2C0CB0083,C. Service Request Call - Customer,CE0322943949,161
0x2BFD23E2C0F40083,Other than Kent,CE0422944328,101
0x2BFD23E2C0F60083,C. Service Request Call - Customer,CE0622945428,140
0x2BFD23E2C0F90083,C. Service Request Call - Customer,CE0822947172,269
0x2BFD23E2C0FC0083,G.Repeat Complaint Within 15 Days,CE0922947529,271
0x2BFD23E2C1070083,F.Reminder Call - Installation,CE101619856,32
0x2BFD23E2C10C0083,C. Service Request Call - Customer,CE011929747,195
0x2BFD23E2C1120083,AgentToAgent,CE0821939593,34
0x2BFD23E2C1170083,WhatsApp Diverted,CE0821939700,193
0x2BFD23E2C11E0083,C. Service Request Call - Customer,CE0921939837,225
0x2BFD23E2C1240083,AgentToAgent,CE1021940329,35
0x2BFD23E2C1420083,Ringing No Answering,CE1021940769,39
0x2BFD23E2C1450083,C. Service Request Call - Customer,CE1021940881,184
0x2BFD23E2C14A0083,A. Fresh Installation Call - Customer,CE1121941094,355
0x2BFD23E2C1520083,C. Service Request Call - Customer,CE1121941505,116
0x2BFD23E2C1540083,A. Fresh Installation Call - Customer,CE0322943949,382
0x2BFD23E2C15D0083,C. Service Request Call - Customer,CE0422944328,142
0x2BFD23E2C1640083,C. Service Request Call - Customer,CE0622945428,496
0x2BFD23E2C1660083,C. Service Request Call - Customer,CE0822947172,132
0x2BFD23E2C16B0083,C. Service Request Call - Customer,CE0922947529,176
0x2BFD23E2C16E0083,C. Service Request Call - Customer,CE101619856,480
0x2BFD23E2C1710083,E. Reminder Call -Service Or Complaint,CE011929747,149
0x2BFD23E2C1920083,E. Reminder Call -Service Or Complaint,CE0821939593,0
0x2BFD23E2C1960083,C. Service Request Call - Customer,CE0821939700,236
0x2BFD23E2C19A0083,A. Fresh Installation Call - Customer,CE0921939837,356
0x2BFD23E2C1B50083,C. Service Request Call - Customer,CE1021940329,261
0x2BFD23E2C1B70083,Multiple Request,CE1021940769,440
0x2BFD23E2C1BF0083,C. Service Request Call - Customer,CE1021940881,151
0x2BFD23E2C1CA0083,(auto),CE1121941094,157
0x2BFD23E2C1CD0083,WhatsApp Diverted,CE1121941505,259
0x2BFD23E2C1DF0083,AgentToAgent,CE0322943949,46
0x2BFD23E2C1F10083,C. Service Request Call - Customer,CE0422944328,157
0x2BFD23E2C1F90083,C. Service Request Call - Customer,CE0622945428,449
0x2BFD23E2C1FF0083,C. Service Request Call - Customer,CE0822947172,153
0x2BFD23E2C2010083,C. Service Request Call - Customer,CE0922947529,176
0x2BFD23E2C21A0083,WhatsApp Diverted,CE101619856,129
0x2BFD23E2C2200083,C. Service Request Call - Customer,CE011929747,168
0x2BFD23E2C2260083,C. Service Request Call - Customer,CE0821939593,162
0x2BFD23E2C22B0083,WhatsApp Diverted,CE0821939700,101
0x2BFD23E2C22D0083,C. Service Request Call - Customer,CE0921939837,381
0x2BFD23E2C2350083,C. Service Request Call - Customer,CE1021940329,317
0x2BFD23E2C2370083,C. Service Request Call - Customer,CE1021940769,593
0x2BFD23E2C24D0083,A. Fresh Installation Call - Customer,CE1021940881,403
0x2BFD23E2C2670083,G.Repeat Complaint Within 15 Days,CE1121941094,241
0x2BFD23E2C26D0083,C. Service Request Call - Customer,CE1121941505,454
0x2BFD23E2C28B0083,U.Enquiry Call,CE0322943949,118
0x2BFD23E2C28F0083,C. Service Request Call - Customer,CE0422944328,219
0x2BFD23E2C2A80083,C. Service Request Call - Customer,CE0622945428,227
0x2BFD23E2C2C00083,C. Service Request Call - Customer,CE0822947172,260
0x2BFD23E2C2CA0083,C. Service Request Call - Customer,CE0922947529,342
0x2BFD23E2C2CF0083,C. Service Request Call - Customer,CE101619856,151
0x2BFD23E2C2D10083,C. Service Request Call - Customer,CE011929747,168
0x2BFD23E2C2D30083,C. Service Request Call - Customer,CE0821939593,147
0x2BFD23E2C2DA0083,U.Enquiry Call,CE0821939700,39
0x2BFD23E2C2E50083,M.Re-Installtion or De-Installation,CE0921939837,332
0x2BFD23E2C2F00083,C. Service Request Call - Customer,CE1021940329,146
0x2BFD23E2C3040083,C. Service Request Call - Customer,CE1021940769,431
0x2BFD23E2C3060083,C. Service Request Call - Customer,CE1021940881,215
0x2BFD23E2C30A0083,WhatsApp Diverted,CE1121941094,243
0x2BFD23E2C30F0083,WhatsApp Diverted,CE1121941505,87
0x2BFD23E2C31E0083,E. Reminder Call -Service Or Complaint,CE0322943949,199
0x2BFD23E2C3250083,A. Fresh Installation Call - Customer,CE0422944328,404
0x2BFD23E2C32F0083,C. Service Request Call - Customer,CE0622945428,228
0x2BFD23E2C3350083,C. Service Request Call - Customer,CE0822947172,155
0x2BFD23E2C3390083,C. Service Request Call - Customer,CE0922947529,297
0x2BFD23E2C3410083,C. Service Request Call - Customer,CE101619856,258
0x2BFD23E2C3600083,C. Service Request Call - Customer,CE011929747,176
0x2BFD23E2C3660083,AgentToAgent,CE0821939593,0
0x2BFD23E2C36C0083,C. Service Request Call - Customer,CE0821939700,233
0x2BFD23E2C36F0083,Contact Again,CE0921939837,0
0x2BFD23E2C3740083,C. Service Request Call - Customer,CE1021940329,219
0x2BFD23E2C3780083,K. Call Transferred - Escalation,CE1021940769,1610
0x2BFD23E2C37E0083,C. Service Request Call - Customer,CE1021940881,460
0x2BFD23E2C3860083,E. Reminder Call -Service Or Complaint,CE1121941094,249
0x2BFD23E2C38F0083,C. Service Request Call - Customer,CE1121941505,181
0x2BFD23E2C3920083,G.Repeat Complaint Within 15 Days,CE0322943949,215
0x2BFD23E2C39F0083,A. Fresh Installation Call - Customer,CE0422944328,359
0x2BFD23E2C3A60083,C. Service Request Call - Customer,CE0622945428,188
0x2BFD23E2C3A90083,E. Reminder Call -Service Or Complaint,CE0822947172,430
0x2BFD23E2C3AB0083,R.Blank Call,CE0922947529,37
0x2BFD23E2C3DB0083,C. Service Request Call - Customer,CE101619856,274
0x2BFD23E2C3E50083,C. Service Request Call - Customer,CE011929747,130
0x2BFD23E2C3F30083,E. Reminder Call -Service Or Complaint,CE0821939593,343
0x2BFD23E2C3F70083,C. Service Request Call - Customer,CE0821939700,201
0x2BFD23E2C3FB0083,WhatsApp Diverted,CE0921939837,206
0x2BFD23E2C4070083,Multiple Request,CE1021940329,216
0x2BFD23E2C4190083,C. Service Request Call - Customer,CE1021940769,353
0x2BFD23E2C4230083,H.Call Transferred - Sales,CE1021940881,624
0x2BFD23E2C4290083,C. Service Request Call - Customer,CE1121941094,176
0x2BFD23E2C4310083,C. Service Request Call - Customer,CE1121941505,661
0x2BFD23E2C4330083,C. Service Request Call - Customer,CE0322943949,135
0x2BFD23E2C43D0083,E. Reminder Call -Service Or Complaint,CE0422944328,217
0x2BFD23E2C4400083,M.Re-Installtion or De-Installation,CE0622945428,273
0x2BFD23E2C44D0083,WhatsApp Diverted,CE0822947172,70
0x2BFD23E2C44F0083,C. Service Request Call - Customer,CE0922947529,128
0x2BFD23E2C4740083,C. Service Request Call - Customer,CE101619856,124
0x2BFD23E2C4A00083,F.Reminder Call - Installation,CE011929747,176
0x2BFD23E2C4A20083,Multiple Request,CE0821939593,310
0x2BFD23E2C4A50083,WhatsApp Diverted,CE0821939700,61
0x2BFD23E2C4A70083,C. Service Request Call - Customer,CE0921939837,127
0x2BFD23E2C4A90083,WhatsApp Diverted,CE1021940329,128
0x2BFD23E2C4AF0083,C. Service Request Call - Customer,CE1021940769,268
0x2BFD23E2C4C10083,C. Service Request Call - Customer,CE1021940881,322
0x2BFD23E2C4C30083,C. Service Request Call - Customer,CE1121941094,195
0x2BFD23E2C4C70083,C. Service Request Call - Customer,CE1121941505,153
0x2BFD23E2C4D10083,C. Service Request Call - Customer,CE0322943949,276
0x2BFD23E2C4D80083,C. Service Request Call - Customer,CE0422944328,232
0x2BFD23E2C4DA0083,Contact Again,CE0622945428,0
0x2BFD23E2C4EE0083,G.Repeat Complaint Within 15 Days,CE0822947172,167
0x2BFD23E2C4F00083,C. Service Request Call - Customer,CE0922947529,353
0x2BFD23E2C4F60083,A. Fresh Installation Call - Customer,CE101619856,438
0x2BFD23E2C4FD0083,C. Service Request Call - Customer,CE011929747,442
0x2BFD23E2C5130083,U.Enquiry Call,CE0821939593,44
0x2BFD23E2C5170083,C. Service Request Call - Customer,CE0821939700,212
0x2BFD23E2C51B0083,C. Service Request Call - Customer,CE0921939837,284
0x2BFD23E2C5240083,WhatsApp Diverted,CE1021940329,149
0x2BFD23E2C53B0083,V.Test Call,CE1021940769,93
0x2BFD23E2C5500083,C. Service Request Call - Customer,CE1021940881,299
0x2BFD23E2C5520083,V.Test Call,CE1121941094,46
0x2BFD23E2C5550083,C. Service Request Call - Customer,CE1121941505,135
0x2BFD23E2C5590083,U.Enquiry Call,CE0322943949,101
0x2BFD23E2C5610083,C. Service Request Call - Customer,CE0422944328,284
0x2BFD23E2C5730083,C. Service Request Call - Customer,CE0622945428,543
0x2BFD23E2C58B0083,WhatsApp Diverted,CE0822947172,118
0x2BFD23E2C58F0083,C. Service Request Call - Customer,CE0922947529,366
0x2BFD23E2C59C0083,C. Service Request Call - Customer,CE101619856,222
0x2BFD23E2C5A20083,C. Service Request Call - Customer,CE011929747,165
0x2BFD23E2C5A70083,C. Service Request Call - Customer,CE0821939593,261
0x2BFD23E2C5AC0083,U.Enquiry Call,CE0821939700,173
0x2BFD23E2C5C40083,C. Service Request Call - Customer,CE0921939837,281
0x2BFD23E2C5C80083,WhatsApp Diverted,CE1021940329,124
0x2BFD23E2C5CF0083,U.Enquiry Call,CE1021940769,39
0x2BFD23E2C5D80083,U.Enquiry Call,CE1021940881,68
0x2BFD23E2C5E40083,WhatsApp Diverted,CE1121941094,100
0x2BFD23E2C5E60083,C. Service Request Call - Customer,CE1121941505,152
0x2BFD23E2C5E80083,V.Test Call,CE0322943949,60
0x2BFD23E2C5F50083,AgentToAgent,CE0422944328,57
0x2BFD23E2C5FD0083,V.Test Call,CE0622945428,12
0x2BFD23E2C6090083,C. Service Request Call - Customer,CE0822947172,245
0x2BFD23E2C60B0083,C. Service Request Call - Customer,CE0922947529,406
0x2BFD23E2C60F0083,C. Service Request Call - Customer,CE101619856,302
0x2BFD23E2C6110083,C. Service Request Call - Customer,CE011929747,472
0x2BFD23E2C6170083,C. Service Request Call - Customer,CE0821939593,280
0x2BFD23E2C6190083,C. Service Request Call - Customer,CE0821939700,129
0x2BFD23E2C61B0083,WhatsApp Diverted,CE0921939837,91
0x2BFD23E2C6250083,WhatsApp Diverted,CE1021940329,84
0x2BFD23E2C62A0083,C. Service Request Call - Customer,CE1021940769,250
0x2BFD23E2C6310083,C. Service Request Call - Customer,CE1021940881,118
0x2BFD23E2C6330083,C. Service Request Call - Customer,CE1121941094,183
0x2BFD23E2C6350083,C. Service Request Call - Customer,CE1121941505,170
0x2BFD23E2C64D0083,E. Reminder Call -Service Or Complaint,CE0322943949,178
0x2BFD23E2C64F0083,C. Service Request Call - Customer,CE0422944328,205
0x2BFD23E2C6530083,V.Test Call,CE0622945428,63
0x2BFD23E2C65C0083,WhatsApp Diverted,CE0822947172,73
0x2BFD23E2C6610083,N. AMC Request - Renewal,CE0922947529,0
0x2BFD23E2C6630083,V.Test Call,CE101619856,13
0x2BFD23E2C69B0083,WhatsApp Diverted,CE011929747,93
0x2BFD23E2C6AF0083,C. Service Request Call - Customer,CE0821939593,183
0x2BFD23E2C6B50083,WhatsApp Diverted,CE0821939700,189
0x2BFD23E2C6BD0083,A. Fresh Installation Call - Customer,CE0921939837,322
0x2BFD23E2C6C80083,C. Service Request Call - Customer,CE1021940329,143
0x2BFD23E2C6CA0083,C. Service Request Call - Customer,CE1021940769,188
0x2BFD23E2C6CD0083,V.Test Call,CE1021940881,64
0x2BFD23E2C6D10083,V.Test Call,CE1121941094,15
0x2BFD23E2C6D80083,C. Service Request Call - Customer,CE1121941505,171
0x2BFD23E2C6DA0083,G.Repeat Complaint Within 15 Days,CE0322943949,214
0x2BFD23E2C6EE0083,C. Service Request Call - Customer,CE0422944328,264
0x2BFD23E2C6F60083,C. Service Request Call - Customer,CE0622945428,240
0x2BFD23E2C6FA0083,C. Service Request Call - Customer,CE0822947172,370
0x2BFD23E2C6FF0083,WhatsApp Diverted,CE0922947529,138
0x2BFD23E2C70D0083,C. Service Request Call - Customer,CE101619856,213
0x2BFD23E2C71D0083,V.Test Call,CE011929747,24
0x2BFD23E2C7280083,V.Test Call,CE0821939593,18
0x2BFD23E2C7350083,R.Blank Call,CE0821939700,41
0x2BFD23E2C73D0083,C. Service Request Call - Customer,CE0921939837,274
0x2BFD23E2C7400083,C. Service Request Call - Customer,CE1021940329,227
0x2BFD23E2C7480083,C. Service Request Call - Customer,CE1021940769,165
0x2BFD23E2C7600083,V.Test Call,CE1021940881,19
0x2BFD23E2C7680083,C. Service Request Call - Customer,CE1121941094,337
0x2BFD23E2C76D0083,A. Fresh Installation Call - Customer,CE1121941505,439
0x2BFD23E2C7750083,V.Test Call,CE0322943949,12
0x2BFD23E2C7790083,C. Service Request Call - Customer,CE0422944328,225
0x2BFD23E2C77C0083,C. Service Request Call - Customer,CE0622945428,331
0x2BFD23E2C77E0083,C. Service Request Call - Customer,CE0822947172,181
0x2BFD23E2C78D0083,C. Service Request Call - Customer,CE0922947529,325
0x2BFD23E2C7900083,CallerHangUp,CE101619856,0
0x2BFD23E2C7920083,V.Test Call,CE011929747,226
0x2BFD23E2C7960083,E. Reminder Call -Service Or Complaint,CE0821939593,251
0x2BFD23E2C7A60083,V.Test Call,CE0821939700,176
0x2BFD23E2C7AC0083,C. Service Request Call - Customer,CE0921939837,265
0x2BFD23E2C7AE0083,C. Service Request Call - Customer,CE1021940329,187
0x2BFD23E2C7B90083,C. Service Request Call - Customer,CE1021940769,338
0x2BFD23E2C7C00083,C. Service Request Call - Customer,CE1021940881,132
0x2BFD23E2C7CE0083,con call with engineer number,CE1121941094,153
0x2BFD23E2C7D10083,C. Service Request Call - Customer,CE1121941505,197
0x2BFD23E2C7D40083,K. Call Transferred - Escalation,CE0322943949,579
0x2BFD23E2C7DA0083,WhatsApp Diverted,CE0422944328,102
0x2BFD23E2C7DE0083,C. Service Request Call - Customer,CE0622945428,141
0x2BFD23E2C7E20083,M.Re-Installtion or De-Installation,CE0822947172,256
0x2BFD23E2C7E80083,A. Fresh Installation Call - Customer,CE0922947529,267
0x2BFD23E2C7EA0083,C. Service Request Call - Customer,CE101619856,226
0x2BFD23E2C7FB0083,C. Service Request Call - Customer,CE011929747,312
0x2BFD23E2C8010083,U.Enquiry Call,CE0821939593,62
0x2BFD23E2C8050083,C. Service Request Call - Customer,CE0821939700,458
0x2BFD23E2C8070083,C. Service Request Call - Customer,CE0921939837,336
0x2BFD23E2C8090083,A. Fresh Installation Call - Customer,CE1021940329,334
0x2BFD23E2C8190083,C. Service Request Call - Customer,CE1021940769,147
0x2BFD23E2C82B0083,C. Service Request Call - Customer,CE1021940881,246
0x2BFD23E2C82F0083,R.Blank Call,CE1121941094,31
0x2BFD23E2C8320083,C. Service Request Call - Customer,CE1121941505,133
0x2BFD23E2C8370083,R.Blank Call,CE0322943949,32
0x2BFD23E2C83E0083,C. Service Request Call - Customer,CE0422944328,511
0x2BFD23E2C8460083,WhatsApp Diverted,CE0622945428,236
0x2BFD23E2C8530083,U.Enquiry Call,CE0822947172,397
0x2BFD23E2C8590083,R.Blank Call,CE0922947529,1
0x2BFD23E2C85D0083,B. Fresh Installation Call - Dealer,CE101619856,302
0x2BFD23E2C8600083,C. Service Request Call - Customer,CE011929747,178
0x2BFD23E2C8670083,C. Service Request Call - Customer,CE0821939593,170
0x2BFD23E2C86A0083,U.Enquiry Call,CE0821939700,175
0x2BFD23E2C8750083,C. Service Request Call - Customer,CE0921939837,369
0x2BFD23E2C8770083,C. Service Request Call - Customer,CE1021940329,238
0x2BFD23E2C87C0083,E. Reminder Call -Service Or Complaint,CE1021940769,214
0x2BFD23E2C8800083,C. Service Request Call - Customer,CE1021940881,404
0x2BFD23E2C8840083,V.Test Call,CE1121941094,23
0x2BFD23E2C8970083,C. Service Request Call - Customer,CE1121941505,329
0x2BFD23E2C8C10083,U.Enquiry Call,CE0322943949,81
0x2BFD23E2C8D80083,AgentToAgent,CE0422944328,0
0x2BFD23E2C8DA0083,C. Service Request Call - Customer,CE0622945428,254
0x2BFD23E2C8DC0083,WhatsApp Diverted,CE0822947172,82
0x2BFD23E2C8EB0083,C. Service Request Call - Customer,CE0922947529,118
0x2BFD23E2C8ED0083,M.Re-Installtion or De-Installation,CE101619856,252
0x2BFD23E2C8EF0083,C. Service Request Call - Customer,CE011929747,305
0x2BFD23E2C9010083,C. Service Request Call - Customer,CE0821939593,419
0x2BFD23E2C9040083,R.Blank Call,CE0821939700,37
0x2BFD23E2C91C0083,C. Service Request Call - Customer,CE0921939837,334
0x2BFD23E2C9200083,U.Enquiry Call,CE1021940329,88
0x2BFD23E2C92E0083,M.Re-Installtion or De-Installation,CE1021940769,364
0x2BFD23E2C9340083,C. Service Request Call - Customer,CE1021940881,286
0x2BFD23E2C93B0083,C. Service Request Call - Customer,CE1121941094,163
0x2BFD23E2C93D0083,C. Service Request Call - Customer,CE1121941505,431
0x2BFD23E2C9540083,K. Call Transferred - Escalation,CE0322943949,258
0x2BFD23E2C9600083,C. Service Request Call - Customer,CE0422944328,112
0x2BFD23E2C9690083,C. Service Request Call - Customer,CE0622945428,200
0x2BFD23E2C96B0083,E. Reminder Call -Service Or Complaint,CE0822947172,129
0x2BFD23E2C96D0083,C. Service Request Call - Customer,CE0922947529,131
0x2BFD23E2C9720083,U.Enquiry Call,CE101619856,120
0x2BFD23E2C9740083,C. Service Request Call - Customer,CE011929747,177
0x2BFD23E2C9800083,R.Blank Call,CE0821939593,5
0x2BFD23E2C9850083,E. Reminder Call -Service Or Complaint,CE0821939700,120
0x2BFD23E2C98A0083,C. Service Request Call - Customer,CE0921939837,289
0x2BFD23E2C99F0083,AgentToAgent,CE1021940329,53
0x2BFD23E2C9C40083,C. Service Request Call - Customer,CE1021940769,214
0x2BFD23E2C9D30083,C. Service Request Call - Customer,CE1021940881,211
0x2BFD23E2C9D50083,C. Service Request Call - Customer,CE1121941094,548
0x2BFD23E2C9E30083,M.Re-Installtion or De-Installation,CE1121941505,511
0x2BFD23E2C9F20083,C. Service Request Call - Customer,CE0322943949,177
0x2BFD23E2C9FA0083,C. Service Request Call - Customer,CE0422944328,146
0x2BFD23E2C9FF0083,E. Reminder Call -Service Or Complaint,CE0622945428,264
0x2BFD23E2CA010083,SQL Error-Callback,CE0822947172,220
0x2BFD23E2CA030083,C. Service Request Call - Customer,CE0922947529,280
0x2BFD23E2CA110083,C. Service Request Call - Customer,CE101619856,205
0x2BFD23E2CA1D0083,M.Re-Installtion or De-Installation,CE011929747,310
0x2BFD23E2CA1F0083,C. Service Request Call - Customer,CE0821939593,415
0x2BFD23E2CA210083,Escalation Call Back,CE0821939700,480
0x2BFD23E2CA230083,C. Service Request Call - Customer,CE0921939837,339
0x2BFD23E2CA390083,C. Service Request Call - Customer,CE1021940329,371
0x2BFD23E2CA3E0083,M.Re-Installtion or De-Installation,CE1021940769,429
0x2BFD23E2CA490083,K. Call Transferred - Escalation,CE1021940881,317
0x2BFD23E2CA4C0083,U.Enquiry Call,CE1121941094,589
0x2BFD23E2CA670083,U.Enquiry Call,CE1121941505,90
0x2BFD23E2CA6A0083,C. Service Request Call - Customer,CE0322943949,525
0x2BFD23E2CA6C0083,WhatsApp Diverted,CE0422944328,258
0x2BFD23E2CA6E0083,C. Service Request Call - Customer,CE0622945428,168
0x2BFD23E2CA7B0083,B. Fresh Installation Call - Dealer,CE0822947172,356
0x2BFD23E2CA870083,C. Service Request Call - Customer,CE0922947529,121
0x2BFD23E2CA9A0083,AgentToAgent,CE101619856,79
0x2BFD23E2CAA30083,AgentToAgent,CE011929747,0
0x2BFD23E2CAA70083,C. Service Request Call - Customer,CE0821939593,116
0x2BFD23E2CAAB0083,C. Service Request Call - Customer,CE0821939700,200
0x2BFD23E2CAB40083,C. Service Request Call - Customer,CE0921939837,189
0x2BFD23E2CAB60083,WhatsApp Diverted,CE1021940329,74
0x2BFD23E2CABC0083,WhatsApp Diverted,CE1021940769,234
0x2BFD23E2CAC60083,E. Reminder Call -Service Or Complaint,CE1021940881,287
0x2BFD23E2CAC80083,C. Service Request Call - Customer,CE1121941094,214
0x2BFD23E2CAD90083,C. Service Request Call - Customer,CE1121941505,163
0x2BFD23E2CADC0083,U.Enquiry Call,CE0322943949,62
0x2BFD23E2CADE0083,U.Enquiry Call,CE0422944328,18
0x2BFD23E2CAE80083,C. Service Request Call - Customer,CE0622945428,140
0x2BFD23E2CAEE0083,E. Reminder Call -Service Or Complaint,CE0822947172,190
0x2BFD23E2CAF30083,R.Blank Call,CE0922947529,4
0x2BFD23E2CAFA0083,C. Service Request Call - Customer,CE101619856,140
0x2BFD23E2CB030083,C. Service Request Call - Customer,CE011929747,254
0x2BFD23E2CB1E0083,WhatsApp Diverted,CE0821939593,87
0x2BFD23E2CB260083,H.Call Transferred - Sales,CE0821939700,470
0x2BFD23E2CB2C0083,C. Service Request Call - Customer,CE0921939837,489
0x2BFD23E2CB450083,C. Service Request Call - Customer,CE1021940329,244
0x2BFD23E2CB500083,R.Blank Call,CE1021940769,37
0x2BFD23E2CB560083,C. Service Request Call - Customer,CE1021940881,218
0x2BFD23E2CB600083,con call with engineer number,CE1121941094,130
0x2BFD23E2CB690083,C. Service Request Call - Customer,CE1121941505,168
0x2BFD23E2CB7C0083,A. Fresh Installation Call - Customer,CE0322943949,318
0x2BFD23E2CB830083,Language Call Back,CE0422944328,180
